SIGLA;DESCRIÇÃO;UORG;STATUS
AGIR;AGÊNCIA DE INOVAÇÃO;1724;Ativo
APE/PLAN;AGÊNCIA DE PROJETOS ESTRATÉGICOS;2350;Ativo
AL/LU;ALMOXARIFADO;844;Desativado
AC/DSG;ALMOXARIFADO CENTRAL;154;Desativado
ALM/PREF;ALMOXARIFADO DA GERÊNCIA DE ADMINISTRAÇÃO;883;Desativado
AAD/NTI;APOIO ADMINISTRATIVO;178;Desativado
AP/CMB;ÁREA DE PESQUISA - CMB;387;Desativado
AP/CME;ÁREA DE PESQUISA - CME;334;Desativado
AP/CMF;ÁREA DE PESQUISA - CMF;343;Desativado
AP/CMM;ÁREA DE PESQUISA - CMM;359;Desativado
AP/CMN;ÁREA DE PESQUISA - CMN;394;Desativado
AP/CMO;ÁREA DE PESQUISA - CMO;366;Desativado
AP/CMS;ÁREA DE PESQUISA - CMS;405;Desativado
AP/CMV;ÁREA DE PESQUISA - CMV;376;Desativado
AP/EGA;ÁREA DE PESQUISA - EGA;573;Desativado
AP/EGB;ÁREA DE PESQUISA - EGB;587;Desativado
AP/EGF;ÁREA DE PESQUISA - EGF;610;Desativado
AP/EGG;ÁREA DE PESQUISA - EGG;619;Desativado
AP/EGH;ÁREA DE PESQUISA - EGH;603;Ativo
AP/EGL;ÁREA DE PESQUISA - EGL;630;Desativado
AP/EGM;ÁREA DE PESQUISA - EGM;642;Desativado
AP/EGQ;ÁREA DE PESQUISA - EGQ;655;Desativado
AP/ESA;ÁREA DE PESQUISA - ESA;;Desativado
AP/ESD;ÁREA DE PESQUISA - ESD;701;Desativado
AP/ESE;ÁREA DE PESQUISA - ESE;708;Desativado
AP/ESS;ÁREA DE PESQUISA - ESS;692;Desativado
AP/ISC;ÁREA DE PESQUISA - ISC;1976;Desativado
AP/TCA;ÁREA DE PESQUISA - TCA;782;Desativado
AP/TCE;ÁREA DE PESQUISA - TCE;0;Desativado
AP/TCM;ÁREA DE PESQUISA - TCM;805;Desativado
AC/NDC;ARQUIVO CENTRAL DO NÚCLEO DE DOCUMENTAÇÃO;820;Desativado
AA/NAV;ARQUIVO DE ARTE;84;Desativado
AFV/NAV;ARQUIVO DE FILMES E VÍDEO-TAPES;;Desativado
AS/NAV;ARQUIVO DE SOM;86;Desativado
AT/NAV;ARQUIVO DE TEXTOS;87;Desativado
AARI/GAR;ASSESSORIA DE ASSUNTOS E RELAÇÕES INTERNACIONAIS;0;Desativado
AAI/GAR;ASSESSORIA DE ASSUNTOS INTERNACIONAIS;51;Desativado
ACS/GAR;ASSESSORIA DE COMUNICAÇÃO SOCIAL;;Desativado
AIA/SUDEPI;ASSESSORIA DE INFORMAÇÕES ACADÊMICAS E ADMINISTRATIVAS;126;Desativado
AIN/GAR;ASSESSORIA DE INTERIORIZAÇÃO;0;Desativado
AIN/RET;ASSESSORIA DE INTERIORIZAÇÃO ;1438;Desativado
ASPLAN;ASSESSORIA DE PLANEJAMENTO;;Desativado
ASS/NTI;ASSESSORIA DE PROJETOS;193;Desativado
ASB/GDES;ASSESSORIA DE SUPORTE DE BANCO DE DADOS;191;Desativado
ASJUR;ASSESSORIA JURÍDICA;;Desativado
AES/CTE;ASSISTÊNCIA DE AQUISIÇÃO DE EQUIPAMENTOS E SERVIÇOS DE TIC;1508;Desativado
ABD/CDS;ASSISTÊNCIA DE SUPORTE DE BANCO DE DADOS;1525;Desativado
ASC/HU;ASSISTENTE DE COMUNICAÇÃO ;1623;Desativado
AT/CUR;AUDITORIA TÉCNICA;812;Ativo
BS/HU;BANCO DE SANGUE;480;Ativo
CFP/SDC;BIBLIOTECA  DA CRECHE FLOR DE PAPEL;1585;Desativado
BCG/NDC;BIBLIOTECA CENTRAL DO GRAGOATÁ;818;Desativado
BCG/SDC;BIBLIOTECA CENTRAL DO GRAGOATÁ ;1583;Desativado
BCV/NDC;BIBLIOTECA CENTRAL DO VALONGUINHO;90;Desativado
BCV/SDC;BIBLIOTECA CENTRAL DO VALONGUINHO ;1591;Desativado
BAU/NDC;BIBLIOTECA DA ESCOLA DE ARQUITETURA E URBANISMO;855;Desativado
BAU/SDC;BIBLIOTECA DA ESCOLA DE ARQUITETURA E URBANISMO ;1577;Desativado
BENF/NDC;BIBLIOTECA DA ESCOLA DE ENFERMAGEM;108;Desativado
BENF/SDC;BIBLIOTECA DA ESCOLA DE ENFERMAGEM ;1578;Desativado
BEE/SDC;BIBLIOTECA DA ESCOLA DE ENGENHARIA E DO INSTITUTO DE COMPUTAÇÃO;1571;Desativado
BEM/SDC;BIBLIOTECA DA ESCOLA DE ENGENHARIA INDUSTRIAL E METALÚRGICA DE VOLTA REDONDA;1572;Desativado
BEM/NDC;BIBLIOTECA DA ESCOLA DE ENGENHARIA INDUSTRIAL METALÚRGICA DE VOLTA REDONDA;;Desativado
BFD/SDC;BIBLIOTECA DA FACULDADE DE DIREITO;1575;Desativado
BEC/SDC;BIBLIOTECA DA FACULDADE DE ECONOMIA;1574;Desativado
BFF/SDC;BIBLIOTECA DA FACULDADE DE FARMÁCIA ;1579;Desativado
BFM/SDC;BIBLIOTECA DA FACULDADE DE MEDICINA ;1580;Desativado
BFV/SDC;BIBLIOTECA DA FACULDADE DE VETERINÁRIA;1955;Desativado
BNF/SDC;BIBLIOTECA DA FACULDADE NOVA FRIBURGO ;1582;Desativado
BNO/SDC;BIBLIOTECA DAS FACULDADES DE NUTRIÇÃO E ODONTOLOGIA ;1581;Desativado
BAC/SDC;BIBLIOTECA DE ADMINISTRAÇÃO E CONTABILIDADE;1573;Desativado
BMAC/SDC;BIBLIOTECA DE MACAÉ;2085;Desativado
BNU/NDC;BIBLIOTECA DE NUTRIÇÃO;100;Desativado
BCPE/SDC;BIBLIOTECA DE PETRÓPOLIS;2084;Desativado
BGQ/SDC;BIBLIOTECA DE PÓS-GRADUAÇÃO EM GEOQUÍMICA ;1587;Desativado
BPM/SDC;BIBLIOTECA DE PÓS-GRADUAÇÃO EM MATEMÁTICA ;1597;Desativado
BSC/SDC;BIBLIOTECA DE SERVIÇO SOCIAL DE CAMPOS;1576;Desativado
BCI/NDC;BIBLIOTECA DO COLÉGIO TÉCNICO AGRÍCOLA ILDEFONSO BASTOS BORGES;;Desativado
BCUGR/SDC;BIBLIOTECA DO COLÉGIO UNIVERSITÁRIO GERALDO REIS;1586;Desativado
BMP/SDC;BIBLIOTECA DO CURSO DE MATEMÁTICA DE SANTO ANTÔNIO DE PÁDUA ;1590;Desativado
BPA/SDC;BIBLIOTECA DO CURSO DE PEDAGOGIA DE ANGRA DOS REIS ;1584;Desativado
BIB/SDC;BIBLIOTECA DO INSTITUTO BIOMÉDICO;1570;Desativado
BIAR/SDC;BIBLIOTECA DO INSTITUTO DE ANGRA DOS REIS;2139;Desativado
BIF/NDC;BIBLIOTECA DO INSTITUTO DE FÍSICA;101;Desativado
BIF/SDC;BIBLIOTECA DO INSTITUTO DE FÍSICA ;1588;Desativado
BIG/SDC;BIBLIOTECA DO INSTITUTO DE GEOCIÊNCIAS;1589;Desativado
BIME/SDC;BIBLIOTECA DO INSTITUTO DE MATEMÁTICA E ESTATÍSTICA;2103;Desativado
BINF/SDC;BIBLIOTECA DO INSTITUTO NOROESTE FLUMINENSE DE EDUCAÇÃO (SANTO ANTONIO DE PADUA);1873;Desativado
BRO/SDC;BIBLIOTECA DO PÓLO UNIVERSITÁRIO DE RIO DAS OSTRAS;1592;Desativado
BAVR/SDC;BIBLIOTECA DO PÓLO UNIVERSITÁRIO DO ATERRADO DE VOLTA REDONDA;1593;Desativado
BFP/SDC;BIBLIOTECA FLOR DE PAPEL;1969;Desativado
BG/PURO;BIBLIOTECA GERAL DO PÓLO UNIVERSITÁRIO DE RIO DAS OSTRAS;1026;Desativado
BG/PUVR;BIBLIOTECA GERAL DO PÓLO UNIVERSITÁRIO DE VOLTA REDONDA;1058;Em Desativação
BML/SDC;BIBLIOTECA MONTEIRO LOBATO;2145;Desativado
BEE/NDC;BIBLIOTECA SETORIAL DA ESCOLA DE ENGENHARIA;107;Desativado
BSN/NDC;BIBLIOTECA SETORIAL DA ESCOLA SERVIÇO SOCIAL;;Desativado
BFD/NDC;BIBLIOTECA SETORIAL DA FACULDADE DE DIREITO;103;Desativado
BEA/NDC;BIBLIOTECA SETORIAL DA FACULDADE DE ECONOMIA E ADMINISTRAÇÃO;104;Desativado
BFE/NDC;BIBLIOTECA SETORIAL DA FACULDADE DE EDUCAÇÃO;;Desativado
BFF/NDC;BIBLIOTECA SETORIAL DA FACULDADE DE FARMÁCIA;96;Desativado
BFM/NDC;BIBLIOTECA SETORIAL DA FACULDADE DE MEDICINA;97;Desativado
BFV/NDC;BIBLIOTECA SETORIAL DA FACULDADE DE VETERINÁRIA;98;Desativado
BAC/NDC;BIBLIOTECA SETORIAL DE ADMINISTRAÇÃO E CONTABILIDADE;863;Desativado
BPG/NDC;BIBLIOTECA SETORIAL DE PÓS-GRADUAÇÃO EM GEOQUÍMICA;862;Desativado
BPM/NDC;BIBLIOTECA SETORIAL DE PÓS-GRADUAÇÃO EM MATEMÁTICA;106;Desativado
BSC/NDC;BIBLIOTECA SETORIAL DE SERVIÇO SOCIAL (CAMPOS);105;Desativado
BCA/NDC;BIBLIOTECA SETORIAL DO COLÉGIO AGRÍCOLA NILO PEÇANHA;;Desativado
BIB/NDC;BIBLIOTECA SETORIAL DO INSTITUTO BIOMÉDICO;99;Desativado
BIA/NDC;BIBLIOTECA SETORIAL DO INSTITUTO DE ARTE E COMUNICAÇÃO SOCIAL;;Desativado
BCH/NDC;BIBLIOTECA SETORIAL DO INSTITUTO DE CIÊNCIAS HUMANAS E FILOSOFIA;;Desativado
BIG/NDC;BIBLIOTECA SETORIAL DO INSTITUTO DE GEOCIÊNCIAS;102;Desativado
BIL/NDC;BIBLIOTECA SETORIAL DO INSTITUTO DE LETRAS;;Desativado
BUCG/SDC;BIBLIOTECA UNIVERSITÁRIA DE CAMPOS DOS GOYTACAZES;1874;Desativado
CAT/EX;CÂMARA TÉCNICA;1759;Desativado
CTEX;CAMARA TECNICA DE EXTENSAO;0;Desativado
UNITV;CANAL  UNIVERSITÁRIO DE NITERÓI;1214;Desativado
CA/STI;CENTRAL DE ATENDIMENTO ;1523;Desativado
CCI/HU;CENTRO CIRÚRGICO;464;Desativado
CEAEX;CENTRO DE APOIO A EXTENSAO;973;Desativado
CEART*;CENTRO DE ARTES DA UFF;983;Desativado
CEART;CENTRO DE ARTES DA UFF ;1737;Ativo
CAJUFF;CENTRO DE ASSISTÊNCIA JUDICIARIA DA UFF;;Desativado
CCM;CENTRO DE CIÊNCIAS MÉDICAS;259;Desativado
CD/HU;CENTRO DE DIÁLISE;470;Desativado
CEIM/DMC;CENTRO DE ESTUDO E INICIAÇÃO MUSICAL;1753;Desativado
CEIM;CENTRO DE ESTUDOS E INICIACAO MUSICAL;982;Desativado
CEG;CENTRO DE ESTUDOS GERAIS;505;Em Desativação
CES;CENTRO DE ESTUDOS SOCIAIS APLICADOS;656;Em Desativação
CME/CECC;CENTRO DE MATERIAL E ESTERILIZACAO;2340;Desativado
CEMEF;CENTRO DE MEMÓRIA FLUMINENSE;1594;Desativado
CMF/NDC;CENTRO DE MEMÓRIA FLUMINENSE DO NÚCLEO DE DOCUMENTAÇÃO;817;Desativado
CRD/ESS;CENTRO DE REFERÊNCIA DOCUMENTAL DA ESCOLA DE SERVIÇO SOCIAL;0;Desativado
CTI/HU;CENTRO DE TRATAMENTO INTENSIVO;471;Desativado
CTC;CENTRO TECNOLÓGICO;727;Em Desativação
CGR/GAR;CHEFIA DE GABINETE DO GAR;0;Desativado
CGL/EGA;CHEFIA GERAL DOS LABORATÓRIOS;826;Desativado
CTCA;COLEGIADO DA ESCOLA DE ARQUITETURA E URBANISMO;773;Ativo
CCME;COLEGIADO DA ESCOLA DE ENFERMAGEM;317;Desativado
CTCE;COLEGIADO DA ESCOLA DE ENGENHARIA;774;Desativado
CTCM;COLEGIADO DA ESCOLA DE ENGENHARIA INDUSTRIAL METALÚRGICA DE VOLTA REDONDA;775;Desativado
CESS;COLEGIADO DA ESCOLA DE SERVIÇO SOCIAL;683;Desativado
CEST;COLEGIADO DA FACULDADE DE ADMINISTRAÇÃO E CIÊNCIAS CONTÁBEIS;686;Desativado
CESD;COLEGIADO DA FACULDADE DE DIREITO;684;Desativado
CESC;COLEGIADO DA FACULDADE DE ECONOMIA;685;Desativado
CESA;COLEGIADO DA FACULDADE DE ECONOMIA E ADMINISTRAÇÃO;;Desativado
CESE;COLEGIADO DA FACULDADE DE EDUCAÇÃO;687;Desativado
CCMF;COLEGIADO DA FACULDADE DE FARMÁCIA;318;Desativado
CCMN;COLEGIADO DA FACULDADE DE NUTRIÇÃO EMILIA DE JESUS FERREIRO;321;Desativado
CCMO;COLEGIADO DA FACULDADE DE ODONTOLOGIA;320;Desativado
CCMV;COLEGIADO DA FACULDADE DE VETERINÁRIA;322;Desativado
CCMM;COLEGIADO DA FACULDADE MEDICINA;319;Ativo
CCMB;COLEGIADO DO INSTITUTO BIOMÉDICO;323;Desativado
CCMS;COLEGIADO DO INSTITUTO DA SAÚDE DA COMUNIDADE;324;Desativado
CEGA;COLEGIADO DO INSTITUTO DE ARTE E COMUNICAÇÃO SOCIAL;557;Desativado
CEGB;COLEGIADO DO INSTITUTO DE BIOLOGIA;558;Desativado
CEGH;COLEGIADO DO INSTITUTO DE CIÊNCIAS HUMANAS E FILOSOFIA;559;Desativado
CEGF;COLEGIADO DO INSTITUTO DE FÍSICA;560;Desativado
CEGG;COLEGIADO DO INSTITUTO DE GEOCIÊNCIAS;561;Desativado
CIHT;COLEGIADO DO INSTITUTO DE HISTÓRIA;2094;Desativado
CEGL;COLEGIADO DO INSTITUTO DE LETRAS;562;Desativado
CEGM;COLEGIADO DO INSTITUTO DE MATEMÁTICA;563;Desativado
CEGQ;COLEGIADO DO INSTITUTO DE QUÍMICA;564;Desativado
CANP;COLÉGIO AGRÍCOLA NILO PEÇANHA;709;Desativado
CTAIBB;COLÉGIO TÉCNICO AGRÍCOLA ILDEFONSO BASTOS BORGES;713;Desativado
COLUNI*;COLÉGIO UNIVERSITÁRIO GERALDO REIS;0;Desativado
COLUNI;COLÉGIO UNIVERSITÁRIO GERALDO REIS ;1045;Ativo
CAAST;COMISSÃO DE AVALIAÇÃO E ACOMPANHAMENTO DE SERVIÇOS TERCEIRIZADOS;920;Desativado
CCAD;COMISSÃO DE CADASTRAMENTO;941;Desativado
CCA/CMC;COMISSÃO DE CADASTRO;1342;Desativado
CCS/NTI;COMISSÃO DE CONCURSOS E SERVIÇOS;184;Desativado
CCHI/HU;COMISSÃO DE CONTROLE DE INFECÇÃO HOSPITALARDME;1637;Desativado
CDNT/NTI;COMISSÃO DE DESENVOLVIMENTO DE NOVAS TECNOLOGIAS;988;Desativado
CDNT/GDI;COMISSÃO DE DESENVOLVIMENTO DE NOVAS TECNOLOGIAS DO GDI;1503;Desativado
ETICA;COMISSÃO DE ÉTICA;1451;Ativo
CEPE/HU;COMISSÃO DE ÉTICA EM PESQUISA;1638;Desativado
CET/HU;COMISSÃO DE ÉTICA MÉDICA;1635;Desativado
CGSI/GDI;COMISSÃO DE GOVERNANÇA E SEGURANÇA DA INFORMAÇÃO;1502;Desativado
COP/HU;COMISSÃO DE ÓBITO E PRONTUÁRIO;1636;Desativado
CPAT/HU;"COMISSÃO DE PREVENÇÃO; AVALIAÇÃO E TRATAMENTO DE LESÕES CUTÂNEAS";1650;Desativado
COREME/HU;COMISSÃO DE RESIDÊNCIA MÉDICA ;1666;Desativado
COREMU/PPI;COMISSÃO DE RESIDÊNCIA MULTIPROFISSIONAL EM SAÚDE E DE ÁREA PROFISSIONAL DA SAÚDE;1667;Desativado
CSNU/HU;COMISSÃO DE SUPORTE NUTRICIONAL;1639;Desativado
CO/EDUFF;COMISSÃO EDITORIAL;117;Desativado
CED/EDUFF;COMISSÃO EDITORIAL - EDUFF;1733;Desativado
CEACE;COMISSÃO ESPECIAL DE ACUMULAÇÃO DE CARGOS E EMPREGO;1450;Ativo
CIS;COMISSÃO INTERNA DE SUPERVISÃO;1448;Ativo
CIS*;COMISSÃO INTERNA DE SUPERVISÃO DO PLANO DE CARREIRA DOS CARGOS TÉCNICO-ADMINISTRATIVOS EM EDUCAÇÃO;0;Desativado
COMM;COMISSÃO MISTA;1790;Ativo
COPEMAG;COMISSAO PERM CONC PUBL MAG SUP E MEDIO ;1173;Desativado
CPAIUFF;COMISSÃO PERMANENTE DE AVALIAÇÃO INSTITUCIONAL;;Desativado
CPL;COMISSÃO PERMANENTE DE LICITAÇÃO;918;Desativado
CPL/CLI;COMISSÃO PERMANENTE DE LICITAÇÃO ;1353;Desativado
CPL/HU;COMISSÃO PERMANENTE DE LICITAÇÃO - HUAP;1624;Desativado
CPL/SAEP;COMISSÃO PERMANENTE DE LICITAÇÃO - SAEP;0;Desativado
CPPM/HU;COMISSÃO PERMANENTE DE PADRONIZAÇÃO DE MATERIAL;1659;Desativado
CPPD*;COMISSÃO PERMANENTE DE PESSOAL DOCENTE;0;Desativado
CPPD;COMISSÃO PERMANENTE DE PESSOAL DOCENTE ;257;Ativo
CPPTA;COMISSÃO PERMANENTE DE PESSOAL TÉCNICO ADMINISTRATIVO;258;Desativado
CPPAD/HU;COMISSÃO PERMANENTE DE PROCESSO ADMINISTRATIVO DISCIPLINAR;1625;Desativado
CPPAD;COMISSÃO PERMANENTE DE PROCESSOS ADMINISTRATIVOS DISCIPLINARES;1449;Desativado
CPT/STI;COMISSÃO PERMANENTE DE TELEFONIA;1506;Desativado
COPEVE;COMISSÃO PERMANENTE DE VESTIBULAR DA UFF;;Desativado
CPIV;COMISSÃO PERMANENTE INTERDISCIPLINAR DE VISTORIA;919;Desativado
CPA;COMISSÃO PRÓPRIA DE AVALIAÇÃO;1453;Ativo
CTIN/GRE;COMITÊ DE TECNOLOGIA DA INFORMAÇÃO;1505;Desativado
COMAN;CONJUNTO DE MÚSICA ANTIGA;1752;Desativado
CUR;CONSELHO DE CURADORES;811;Ativo
CEP;CONSELHO DE ENSINO E PESQUISA;810;Em Desativação
CEPEX;"CONSELHO DE ENSINO; PESQUISA E EXTENSÃO";2102;Ativo
CDE/SDC;CONSELHO DELIBERATIVO;1556;Desativado
CDE/HU;CONSELHO DELIBERATIVO ;1401;Desativado
CONCCM;CONSELHO DO CENTRO DE CIÊNCIAS MÉDICAS;316;Desativado
CONCEG;CONSELHO DO CENTRO DE ESTUDOS GERAIS;556;Desativado
CONCES;CONSELHO DO CENTRO DE ESTUDOS SOCIAIS APLICADOS;682;Desativado
CONCTC;CONSELHO DO CENTRO TECNOLÓGICO;772;Desativado
CONPURO;CONSELHO DO PÓLO UNIVERSITÁRIO DE RIO DAS OSTRAS;1015;Desativado
CONPUVR;CONSELHO DO PÓLO UNIVERSITÁRIO DE VOLTA REDONDA;1048;Desativado
CH/HUVET;CONSELHO HOSPITALAR ;2147;Desativado
COSEX;CONSELHO SOCIAL DE EXTENSAO;972;Desativado
CTHUAP;CONSELHO TÉCNICO DO HOSPITAL UNIVERSITÁRIO ANTÔNIO PEDRO;417;Ativo
CUV;CONSELHO UNIVERSITÁRIO;809;Ativo
CONT/HU;CONTROLADORIA ;1627;Desativado
CTEL/NPD;CONTROLE DE TELEPROCESSAMENTO;;Desativado
CADFIN/DCF;COORD ADMINISTRACAO FINANCEIRA DO DCF ;1179;Desativado
CAD/GAR;COORDENAÇÃO ADMINISTRATIVA;1434;Ativo
CC/HU*;COORDENAÇÃO CIRÚRGICA;463;Desativado
CC/HU;COORDENAÇÃO CIRÚRGICA ;1642;Desativado
CCL/HU*;COORDENAÇÃO CLÍNICA;469;Em Desativação
CCL/HU;COORDENAÇÃO CLÍNICA ;1641;Desativado
CAEM/DE;COORDENAÇÃO DA ÁREA DE ENSINO MÉDIO;1111;Desativado
CAEM/DDE;COORDENAÇÃO DA ÁREA DE ENSINO MÉDIO;1091;Desativado
CAPA/DE;COORDENAÇÃO DA ÁREA PROFISSIONAL DE AGROPECUÁRIA;1116;Desativado
CAPA/DDE;COORDENAÇÃO DA ÁREA PROFISSIONAL DE AGROPECUÁRIA;1089;Desativado
CAPAL/DDE;COORDENAÇÃO DA ÁREA PROFISSIONAL DE ALIMENTOS;1090;Desativado
CAPAL/DE;COORDENAÇÃO DA ÁREA PROFISSIONAL DE ALIMENTOS;1118;Desativado
CAPMA/DE;COORDENAÇÃO DA ÁREA PROFISSIONAL DE MEIO AMBIENTE;1114;Desativado
MPCM;COORDENAÇÃO DA POS GRADUAÇÃO EM CIÊNCIAS MÉDICAS;282;Ativo
CAPE;COORDENAÇÃO DE ACOMPANHAMENTO DE PROJETOS ESPECIAIS;966;Desativado
CAF/DAP;COORDENAÇÃO DE ADMINISTRAÇÃO E FINANÇAS;1098;Desativado
CAF/AD;COORDENAÇÃO DE ADMINISTRAÇÃO FINANCEIRA;1334;Ativo
CAF/PPI;COORDENAÇÃO DE ADMINISTRAÇÃO FINANCEIRA;1708;Ativo
COFIN/DCF;COORDENAÇÃO DE ADMINISTRAÇÃO FINANCEIRA ;1695;Ativo
CAP/UNI;COORDENAÇÃO DE ADMINISTRAÇÃO PATRIMONIAL;1315;Desativado
CAP/DCF;COORDENAÇÃO DE ADMINISTRAÇÃO PATRIMONIAL;2324;Ativo
CAP/SAEN;COORDENAÇÃO DE ADMINISTRAÇÃO PATRIMONIAL - SAEN;2097;Desativado
PGI/PLAN;COORDENAÇÃO DE ANÁLISE DE DADOS E INDICADORES GERENCIAIS;1675;Ativo
CAA/AES;COORDENAÇÃO DE APOIO ACADÊMICO;1291;Desativado
CAEG/GRAD;COORDENAÇÃO DE APOIO AO ENSINO DE GRADUAÇÃO;1421;Ativo
CAD/HU;"COORDENAÇÃO DE APOIO DIAGNÓSTICO; TRATAMENTO E AMBULATÓRIO";1644;Desativado
CAS/AES;COORDENAÇÃO DE APOIO SOCIAL;1285;Ativo
CARQ/SAEN;COORDENAÇÃO DE ARQUITETURA;1362;Desativado
CAR/SDC;COORDENAÇÃO DE ARQUIVOS;1564;Ativo
CAR/ART;COORDENAÇÃO DE ARTES;1743;Ativo
CASQ/GEPE;COORDENAÇÃO DE ATENÇÃO INTEGRAL À SAÚDE E QUALIDADE DE VIDA;1370;Ativo
CAEI/HU;COORDENAÇÃO DE ATENDIMENTO EXTERNO E INTERNO;449;Ativo
CBI/SDC;COORDENAÇÃO DE BIBLIOTECAS;1560;Ativo
CCOM/SCS;COORDENAÇÃO DE COMUNICAÇÃO;1490;Desativado
CCI/SCS;COORDENAÇÃO DE COMUNICAÇÃO INTERINSTITUCIONAL;2003;Ativo
CCS/SCS;COORDENAÇÃO DE COMUNICAÇÃO SOCIAL;2006;Ativo
CCONT/DCF;COORDENAÇÃO DE CONTABILIDADE;1700;Ativo
CCFI/HU;COORDENAÇÃO DE CONTABILIDADE E FINANÇAS;1662;Desativado
CCON/AD;COORDENAÇÃO DE CONTRATOS;2331;Ativo
CCPP/DAPE;COORDENAÇÃO DE CONTROLE DE PAGAMENTO DE PESSOAL;;Desativado
CCPP/DAP;COORDENAÇÃO DE CONTROLE DE PAGAMENTO DE PESSOAL ;11;Ativo
CCAI/SRI;COORDENAÇÃO DE CONVÊNIOS E ASSUNTOS INSTITUCIONAIS;1993;Ativo
CCRI/DRI;COORDENAÇÃO DE COOPERAÇÃO E RELAÇÕES INSTITUCIONAIS ;1893;Desativado
VPD;COORDENAÇÃO DE CURSO DE GRADUAÇÃO EM ENGENHARIA DE PRODUÇÃO - MODALIDADE À DISTÂNCIA - VOLTA REDONDA;2024;Em Desativação
VEG;COORDENAÇÃO DE CURSO DE GRADUAÇÃO EM ENGENHARIA DE PRODUÇÃO - SEMIPRESENCIAL - VOLTA REDONDA;;Ativo
CDS/STI;COORDENAÇÃO DE DESENVOLVIMENTO DE SISTEMAS;1524;Ativo
CDD/EX;COORDENAÇÃO DE DIVULGAÇÃO E DIFUSÃO;1766;Ativo
CEAD/GRAD;COORDENAÇÃO DE EDUCAÇÃO À DISTÂNCIA;1618;Desativado
CEM/HU*;COORDENAÇÃO DE EMERGÊNCIA;455;Desativado
CEM/HU;COORDENAÇÃO DE EMERGÊNCIA ;1645;Desativado
CEAC/HU;COORDENAÇÃO DE ENFERMAGEM EM ALTA COMPLEXIDADE;1652;Desativado
CEAE/HU;COORDENAÇÃO DE ENFERMAGEM EM ATENDIMENTO EXTERNO ELETIVO E DE EMERGÊNCIA;1655;Desativado
CECC/HU;"COORDENAÇÃO DE ENFERMAGEM EM CLÍNICA CIRÚRGICA; CENTRO CIRÚRGICO E CENTRO DE MATERIAL E ESTERILIZAÇÃO";1653;Em Desativação
CECG/HU;COORDENAÇÃO DE ENFERMAGEM EM CLÍNICA GERAL E PROCEDIMENTOS DE DIGNÓSTICO POR IMAGEM;1654;Desativado
CESMC/HU;COORDENAÇÃO DE ENFERMAGEM EM SAÚDE DA MULHER E DA CRIANÇA;1651;Desativado
CEN/SUEP;COORDENAÇÃO DE ENGENHARIA;0;Desativado
CEN/SAEN;COORDENAÇÃO DE ENGENHARIA ;1360;Desativado
CEA/SAEP;COORDENAÇÃO DE ENGENHARIA E ARQUITETURA;2321;Ativo
CEP/CANP;COORDENAÇÃO DE ENSINO E PRODUÇÃO DO CANP;828;Desativado
CEP/IBB;COORDENAÇÃO DE ENSINO E PRODUÇÃO DO CTAIBB;834;Desativado
TEV;COORDENAÇÃO DE EXTENSÃO DA ESCOLA INDUSTRIAL DE VOLTA REDONDA;764;Em Desativação
CGMRU/AES;COORDENAÇÃO DE GESTÃO DA MORADIA E DO RESTAURANTE UNIVERSITÁRIO;1295;Desativado
CGME/AES;COORDENAÇÃO DE GESTÃO DE MORADIA ESTUDANTIL;1944;Ativo
CGRU/AES;COORDENAÇÃO DE GESTÃO DE RESTAURANTE UNIVERSITÁRIO;1943;Ativo
CGDA/GRAD;COORDENAÇÃO DE GESTÃO E DESENVOLVIMENTO ACADÊMICO;1416;Ativo
CGDI/SDC;COORDENAÇÃO DE GESTÃO E DIFUSÃO DA INFORMAÇÃO;2339;Ativo
CIEEX;COORDENACAO DE INFRA-ESTRUTURA DA EXTENSAO;974;Desativado
CIAEX;COORDENACAO DE INTEGRACAO ACADEMICA;978;Desativado
CIAC/EX;COORDENAÇÃO DE INTEGRAÇÃO ACADÊMICA;1774;Ativo
CLI/AD;COORDENAÇÃO DE LICITAÇÃO;1352;Ativo
CLIC/PROAD;COORDENAÇÃO DE LICITAÇÃO*;2334;Desativado
CM/DA;COORDENAÇÃO DE MANUTENÇÃO;1108;Desativado
CMA/SOMA;COORDENAÇÃO DE MANUTENÇÃO;2307;Ativo
CMA/UNI;COORDENAÇÃO DE MANUTENÇÃO - PREUNI;1318;Desativado
CMA/SAEN;COORDENAÇÃO DE MANUTENÇÃO - SAEN;2098;Desativado
CMAT/AD;COORDENAÇÃO DE MATERIAL;2335;Ativo
CMC/AD;COORDENAÇÃO DE MATERIAL E CONTRATOS;1341;Desativado
CMP/HU;COORDENAÇÃO DE MATERIAL E PATRIMÔNIO;1660;Desativado
CMOB/DRI;COORDENAÇÃO DE MOBILIDADE ;1897;Desativado
CMP/SRI;COORDENAÇÃO DE MOBILIDADE ACADÊMICA E PROJETOS EDUCACIONAIS;1992;Ativo
CMU/ART;COORDENAÇÃO DE MÚSICA;1747;Ativo
COF/GRAD;COORDENAÇÃO DE OPERAÇÕES E FINANÇAS;1414;Ativo
PLOR/PLAN;COORDENAÇÃO DE ORÇAMENTO;1678;Ativo
CP/HU;COORDENAÇÃO DE PATOLOGIA;477;Ativo
CPE/PPI;COORDENAÇÃO DE PESQUISA;1720;Ativo
CPD/GEPE;COORDENAÇÃO DE PESSOAL DOCENTE;1390;Ativo
CPTA/GEPE;COORDENAÇÃO DE PESSOAL TÉCNICO ADMINISTRATIVO;1379;Ativo
PLAD/PLAN*;COORDENAÇÃO DE PLANEJAMENTO E DESENVOLVIMENTO;1684;Desativado
PLAD/PLAN;COORDENAÇÃO DE PLANEJAMENTO E DESENVOLVIMENTO;1682;Ativo
PGF;COORDENAÇÃO DE PÓS-GRADUAÇÃO DA FACULDADE DE FARMÁCIA;1011;Ativo
GPU;COORDENAÇÃO DE PÓS-GRADUAÇÃO EM QUÍMICA;900;Ativo
CPLS/PPI;COORDENAÇÃO DE PÓS-GRADUAÇÃO LATO SENSU;1718;Ativo
PGAC;COORDENAÇÃO DE PÓS-GRADUAÇÃO LATO SENSU MBA EM AUDITORIA E CONTROLADORIA - EAD;;Ativo
CPSS/PPI;COORDENAÇÃO DE PÓS-GRADUAÇÃO STRICTO SENSU;1716;Ativo
CP/DPP;COORDENAÇÃO DE PRODUÇÃO;1085;Desativado
CP/DP;COORDENAÇÃO DE PRODUÇÃO;1103;Desativado
CPIM/SCS;COORDENAÇÃO DE PRODUÇÃO DE IMAGEM;1495;Desativado
CPR/SUEP;COORDENAÇÃO DE PROJETOS;0;Desativado
CPIN/SRI;COORDENAÇÃO DE PROJETOS DE INTERNACIONALIZAÇÃO;1991;Desativado
CPIN/DRI;COORDENAÇÃO DE PROJETOS DE INTERNACIONALIZAÇÃO ;1896;Desativado
COPEDE;COORDENAÇÃO DE PROJETOS EM DESENVOLVIMENTO;;Desativado
CPIEX;COORDENACAO DE PROJETOS INSTITUCIONAIS;979;Desativado
PLAP/PLAN;COORDENAÇÃO DE PROJETOS JUNTO À FUNDAÇÃO DE APOIO;1687;Ativo
CRH/HU;COORDENAÇÃO DE RECURSOS HUMANOS;1663;Desativado
CRBA/EX;"COORDENAÇÃO DE REGISTRO; BOLSAS E AUXÍLIOS";1769;Ativo
CRL/DAPE;COORDENAÇÃO DE REGISTROS E LEGISLAÇÃO;;Desativado
CRL/DAP;COORDENAÇÃO DE REGISTROS E LEGISLAÇÃO ;1403;Ativo
COSEAC;COORDENAÇÃO DE SELEÇÃO ACADÊMICA;209;Ativo
CSG/HU;COORDENAÇÃO DE SERVIÇOS GERAIS;1661;Desativado
CSTA/HU;COORDENAÇÃO DE SERVIÇOS TÉCNICOS AUXILIARES;484;Ativo
CTLS/SOMA;"COORDENAÇÃO DE TRANSPORTE; LOGÍSTICA E SEGURANÇA";2310;Ativo
CTSL/AD;"COORDENAÇÃO DE TRANSPORTE; SEGURANÇA E LOGÍSTICA";1326;Desativado
GFE;COORDENAÇÃO DO CURSO DE  GRADUAÇÃO EM FILOSOFIA;1875;Desativado
PIO;COORDENAÇÃO DO CURSO DE DOUTORADO EM INSTRUMENTAÇÃO ÓPTICA APLICADA;2275;Ativo
SEI;COORDENAÇÃO DO CURSO DE EMPREENDEDORISMO E INOVAÇÃO;1119;Ativo
VAI;COORDENAÇÃO DO CURSO DE ESPECIALIZAÇÃO EM ACESSIBILIDADE E INCLUSÃO DAS PESSOAS COM DEFICIÊNCIA - EAD;;Ativo
PAC;COORDENAÇÃO DO CURSO DE ESPECIALIZAÇÃO EM ALFABETIZAÇÃO DE CRIANÇAS DE CLASSES POPULARES;2171;Ativo
PAE;COORDENAÇÃO DO CURSO DE ESPECIALIZAÇÃO EM ALFABETIZAÇÃO DOS ESTUDANTES DAS CLASSES POPULARES;2172;Ativo
PAN;COORDENAÇÃO DO CURSO DE ESPECIALIZAÇÃO EM ANÁLISES CLÍNICAS;2173;Ativo
PAS;COORDENAÇÃO DO CURSO DE ESPECIALIZAÇÃO EM ANESTESIOLOGIA;2174;Ativo
PAA;COORDENAÇÃO DO CURSO DE ESPECIALIZAÇÃO EM ATENÇÃO À SAÚDE DA CRIANÇA E DO ADOLESCENTE;2175;Ativo
VAT;COORDENAÇÃO DO CURSO DE ESPECIALIZAÇÃO EM AUTISMO: INCLUSÃO SOCIAL E ESCOLAR - EAD;;Ativo
PCR;COORDENAÇÃO DO CURSO DE ESPECIALIZAÇÃO EM CARDIOLOGIA;2176;Ativo
PNM;COORDENAÇÃO DO CURSO DE ESPECIALIZAÇÃO EM CIÊNCIA DOS MEDICAMENTOS E ALIMENTOS;2177;Ativo
PCU;COORDENAÇÃO DO CURSO DE ESPECIALIZAÇÃO EM CIRURGIA GERAL;2178;Ativo
PPL;COORDENAÇÃO DO CURSO DE ESPECIALIZAÇÃO EM CIRURGIA PLÁSTICA;2179;Ativo
PPQ;COORDENAÇÃO DO CURSO DE ESPECIALIZAÇÃO EM CM - ENGENHARIA DE PROCESSAMENTO PETROQUÍMICO;2180;Ativo
PRP;COORDENAÇÃO DO CURSO DE ESPECIALIZAÇÃO EM CRIPTOGRAFIA - À DISTÂNCIA;2181;Ativo
PDT;COORDENAÇÃO DO CURSO DE ESPECIALIZAÇÃO EM DENTÍSTICA;2182;Ativo
PDA;COORDENAÇÃO DO CURSO DE ESPECIALIZAÇÃO EM DIREITO DA ADMINISTRAÇÃO PÚBLICA;2183;Ativo
PDF;COORDENAÇÃO DO CURSO DE ESPECIALIZAÇÃO EM DIREITO FINANCEIRO E TRIBUTÁRIO;2184;Ativo
PDV;COORDENAÇÃO DO CURSO DE ESPECIALIZAÇÃO EM DIREITO PRIVADO;2185;Ativo
PSL;COORDENAÇÃO DO CURSO DE ESPECIALIZAÇÃO EM DIREITO PROCESSUAL;2186;Ativo
VDH;COORDENAÇÃO DO CURSO DE ESPECIALIZAÇÃO EM DIREITOS HUMANOS E POLÍTICAS PÚBLICAS - EAD;;Ativo
PMB;COORDENAÇÃO DO CURSO DE ESPECIALIZAÇÃO EM DIVERSIDADE CULTURAL E INTERCULTURALIDADE MATRIZES INDÍGENAS E AFRICANAS NA EDUCAÇÃO BRASILEIRA;2187;Ativo
PDB;COORDENAÇÃO DO CURSO DE ESPECIALIZAÇÃO EM DOCÊNCIA E EDUCAÇÃO BÁSICA;2188;Ativo
PST;COORDENAÇÃO DO CURSO DE ESPECIALIZAÇÃO EM DOENÇAS SEXUALMENTE TRANSMISSÍVEIS;2189;Ativo
PFE;COORDENAÇÃO DO CURSO DE ESPECIALIZAÇÃO EM EDUCAÇÃO FÍSICA ESCOLAR;2190;Ativo
PND;COORDENAÇÃO DO CURSO DE ESPECIALIZAÇÃO EM ENDODONTIA;2191;Ativo
PNR;COORDENAÇÃO DO CURSO DE ESPECIALIZAÇÃO EM ENERGIAS RENOVÁVEIS;2192;Ativo
PFT;COORDENAÇÃO DO CURSO DE ESPECIALIZAÇÃO EM ENFERMAGEM DO TRABALHO;2193;Ativo
PNC;COORDENAÇÃO DO CURSO DE ESPECIALIZAÇÃO EM ENFERMAGEM EM CUIDADOS INTENSIVOS;2194;Ativo
PMD;COORDENAÇÃO DO CURSO DE ESPECIALIZAÇÃO EM ENFERMAGEM EM MÉTODOS DIALÍTICOS E TRANSPLANTE;2195;Ativo
PMS;COORDENAÇÃO DO CURSO DE ESPECIALIZAÇÃO EM ENFERMAGEM EM PROMOÇÃO DA SAÚDE;2196;Ativo
PEG;COORDENAÇÃO DO CURSO DE ESPECIALIZAÇÃO EM ENFERMAGEM GERONTOLÓGICA;2197;Ativo
MEO;COORDENAÇÃO DO CURSO DE ESPECIALIZAÇÃO EM ENFERMAGEM OBSTÉTRICA - MODALIDADE PRESENCIAL;;Ativo
PGN;COORDENAÇÃO DO CURSO DE ESPECIALIZAÇÃO EM ENGENHARIA DE PETRÓLEO E GÁS NATURAL;2198;Ativo
PRT;COORDENAÇÃO DO CURSO DE ESPECIALIZAÇÃO EM ENGENHARIA DE SEGURANÇA DO TRABALHO;2199;Ativo
PEL;COORDENAÇÃO DO CURSO DE ESPECIALIZAÇÃO EM ENSINO DE LEITURA E PRODUÇÃO TEXTUAL - À DISTÂNCIA;2200;Ativo
POM;COORDENAÇÃO DO CURSO DE ESPECIALIZAÇÃO EM ENSINO DE MATEMÁTICA;2201;Ativo
PIS;COORDENAÇÃO DO CURSO DE ESPECIALIZAÇÃO EM ENSINO DE SOCIOLOGIA NO ENSINO MÉDIO - À DISTÂNCIA;2202;Ativo
ECD;COORDENAÇÃO DO CURSO DE ESPECIALIZAÇÃO EM ESTATÍSTICA E CIÊNCIA DE DADOS - NÍVEL LATU SENSU;;Ativo
PIR;COORDENAÇÃO DO CURSO DE ESPECIALIZAÇÃO EM ESTUDOS ESTRATÉGICOS E RELAÇÕES INTERNACIONAIS;2300;Ativo
EFI/IME;COORDENAÇÃO DO CURSO DE ESPECIALIZAÇÃO EM FINANÇAS ;;Ativo
FOREMP/EST;COORDENAÇÃO DO CURSO DE ESPECIALIZAÇÃO EM FORMAÇÃO DE PROFESSORES EM EMPREENDEDORISMO E GESTÃO PARA O ENSINO MÉDIO;;Ativo
PTE;COORDENAÇÃO DO CURSO DE ESPECIALIZAÇÃO EM GASTROENTEROLOGIA;2203;Ativo
GEX/ESE;"COORDENAÇÃO DO CURSO DE ESPECIALIZAÇÃO EM GEOGRAFIAS; EXPERIÊNCIAS DOCENTES E PROCESSOS EDUCATIVOS";;Ativo
PVE;COORDENAÇÃO DO CURSO DE ESPECIALIZAÇÃO EM GERÊNCIA DE SERVIÇOS DE ENFERMAGEM;2204;Ativo
TEG;COORDENAÇÃO DO CURSO DE ESPECIALIZAÇÃO EM GERÊNCIA DE TECNOLOGIA DA COMPUTAÇÃO;770;Desativado
PGG;COORDENAÇÃO DO CURSO DE ESPECIALIZAÇÃO EM GERONTOLOGIA E GERIATRIA INTERDISCIPLINAR;2205;Ativo
PPB;COORDENAÇÃO DO CURSO DE ESPECIALIZAÇÃO EM GESTÃO DA SAÚDE PÚBLICA - À DISTÂNCIA;2206;Ativo
VTI;COORDENAÇÃO DO CURSO DE ESPECIALIZAÇÃO EM GESTÃO DA TECNOLOGIA DA INFORMAÇÃO COM ÊNFASE EM SEGURANÇA E INFRAESTRUTURA - EAD;;Ativo
PSA;COORDENAÇÃO DO CURSO DE ESPECIALIZAÇÃO EM GESTÃO DE CUIDADO EM SAÚDE;2207;Ativo
PHP;COORDENAÇÃO DO CURSO DE ESPECIALIZAÇÃO EM GESTÃO DE PESSOAS;2298;Ativo
GTS/IEAR;COORDENAÇÃO DO CURSO DE ESPECIALIZAÇÃO EM GESTÃO DE TERRITÓRIOS E SABERES;;Ativo
PGU;COORDENAÇÃO DO CURSO DE ESPECIALIZAÇÃO EM GESTÃO EM ADMINISTRAÇÃO PÚBLICA - À DISTÂNCIA;2208;Ativo
PIL;COORDENAÇÃO DO CURSO DE ESPECIALIZAÇÃO EM GESTÃO EM LOGÍSTICA E INFRAESTRUTURA;2297;Ativo
PTM;COORDENAÇÃO DO CURSO DE ESPECIALIZAÇÃO EM GESTÃO PÚBLICA MUNICIPAL - À DISTÂNCIA;2209;Ativo
PHL;COORDENAÇÃO DO CURSO DE ESPECIALIZAÇÃO EM HEMATOLOGIA CLÍNICA;2210;Ativo
PHT;COORDENAÇÃO DO CURSO DE ESPECIALIZAÇÃO EM HISTÓRIA CONTEMPORÂNEA: O BRASIL E O MUNDO NO SÉCULO XIX AO LIMIAR DO SÉCULO XXI;2211;Ativo
PHB;COORDENAÇÃO DO CURSO DE ESPECIALIZAÇÃO EM HISTÓRIA DO BRASIL;2212;Ativo
PHA;COORDENAÇÃO DO CURSO DE ESPECIALIZAÇÃO EM HISTÓRIA DO BRASIL PÓS-1930;2213;Ativo
PHM;COORDENAÇÃO DO CURSO DE ESPECIALIZAÇÃO EM HISTÓRIA MODERNA;2214;Ativo
PIM;COORDENAÇÃO DO CURSO DE ESPECIALIZAÇÃO EM IMPLANTODONTIA;2215;Ativo
PPT;COORDENAÇÃO DO CURSO DE ESPECIALIZAÇÃO EM LEITURA E PRODUÇÃO DE TEXTOS;2216;Ativo
LGE;COORDENAÇÃO DO CURSO DE ESPECIALIZAÇÃO EM LIDERANÇA E GESTÃO ESCOLAR;2260;Ativo
PLF;COORDENAÇÃO DO CURSO DE ESPECIALIZAÇÃO EM LÍNGUA FRANCESA E LITERATURAS FRANCÓFONAS;2217;Ativo
PLP;COORDENAÇÃO DO CURSO DE ESPECIALIZAÇÃO EM LÍNGUA PORTUGUESA;2218;Ativo
PLX;COORDENAÇÃO DO CURSO DE ESPECIALIZAÇÃO EM LÍNGUA PORTUGUESA PARA ESTRANGEIROS;2294;Ativo
PTG;COORDENAÇÃO DO CURSO DE ESPECIALIZAÇÃO EM LINGÜÍSTICA APLICADA: ENSINO/APRENDIZAGEM DO INGLÊS COMO LÍNGUA ESTRANGEIRA;2219;Ativo
PIJ;COORDENAÇÃO DO CURSO DE ESPECIALIZAÇÃO EM LITERATURA INFANTO-JUVENIL;2220;Ativo
PLC;COORDENAÇÃO DO CURSO DE ESPECIALIZAÇÃO EM LITERATURAS E CULTURAS DE LÍNGUA PORTUGUESA: PORTUGAL E ÁFRICA;2221;Ativo
PTB;COORDENAÇÃO DO CURSO DE ESPECIALIZAÇÃO EM MEDICINA DO TRABALHO;2222;Ativo
PTA;COORDENAÇÃO DO CURSO DE ESPECIALIZAÇÃO EM MEDICINA TRADICIONAL CHINESA - ACUPUNTURA;2223;Ativo
PDR;COORDENAÇÃO DO CURSO DE ESPECIALIZAÇÃO EM MEIO AMBIENTE E DESENVOLVIMENTO REGIONAL;2224;Ativo
PPA;COORDENAÇÃO DO CURSO DE ESPECIALIZAÇÃO EM MICROBIOLOGIA E PARASITOLOGIA APLICADAS;2225;Ativo
PFM;COORDENAÇÃO DO CURSO DE ESPECIALIZAÇÃO EM MONTAGEM INDUSTRIAL E FABRICAÇÃO MECÂNICA;2226;Ativo
PNU;COORDENAÇÃO DO CURSO DE ESPECIALIZAÇÃO EM NEUROLOGIA;2227;Ativo
PNT;COORDENAÇÃO DO CURSO DE ESPECIALIZAÇÃO EM NOVAS TECNOLOGIAS NO ENSINO DE MATEMÁTICA - À DISTÂNCIA;2228;Ativo
NDP;COORDENAÇÃO DO CURSO DE ESPECIALIZAÇÃO EM NOVOS DIREITOS E SUA INTERFACE NAS RELAÇÕES PÚBLICO-PRIVADAS - EAD;;Ativo
PENC;COORDENAÇÃO DO CURSO DE ESPECIALIZAÇÃO EM NUTRIÇÃO CLÍNICA;;Bloqueado
PGT;COORDENAÇÃO DO CURSO DE ESPECIALIZAÇÃO EM ODONTOGERIATRIA;2229;Ativo
PTD;COORDENAÇÃO DO CURSO DE ESPECIALIZAÇÃO EM ODONTOPEDIATRIA;2230;Ativo
POF;COORDENAÇÃO DO CURSO DE ESPECIALIZAÇÃO EM OFTALMOLOGIA;2231;Ativo
POG;COORDENAÇÃO DO CURSO DE ESPECIALIZAÇÃO EM ORGANIZAÇÃO E GESTÃO DAS INSTITUIÇÕES DE JUSTIÇA CRIMINAL E SEGURANÇA;2232;Ativo
POR;COORDENAÇÃO DO CURSO DE ESPECIALIZAÇÃO EM ORTODONTIA;2233;Ativo
POT;COORDENAÇÃO DO CURSO DE ESPECIALIZAÇÃO EM OTORRINOLARINGOLOGIA;2234;Ativo
PQD;COORDENAÇÃO DO CURSO DE ESPECIALIZAÇÃO EM PESQUISA EMPÍRICA EM DIREITO E SOCIEDADE;2235;Ativo
PIG;"COORDENAÇÃO DO CURSO DE ESPECIALIZAÇÃO EM PLANEJAMENTO; IMPLEMENTAÇÃO E GESTÃO DA EDUCAÇÃO - À DISTÂNCIA";2236;Ativo
POA;"COORDENAÇÃO DO CURSO DE ESPECIALIZAÇÃO EM PLANEJAMENTO; ORGANIZAÇÃO E DIREÇÃO DE ARQUIVOS";2237;Ativo
PNL;COORDENAÇÃO DO CURSO DE ESPECIALIZAÇÃO EM PNEUMOLOGIA;2238;Ativo
PJC;COORDENAÇÃO DO CURSO DE ESPECIALIZAÇÃO EM POLÍTICAS PÚBLICAS DE JUSTIÇA CRIMINAL E SEGURANÇA PÚBLICA;2239;Ativo
AHT/CMV;"COORDENAÇÃO DO CURSO DE ESPECIALIZAÇÃO EM PRODUÇÃO ANIMAL; HIGIENE E TECNOLOGIA DE PRODUTOS DE ORIGEM ANIMAL";;Ativo
PQE;COORDENAÇÃO DO CURSO DE ESPECIALIZAÇÃO EM PROJETO DE EQUIPAMENTOS ESTÁTICOS;2276;Ativo
PPD;COORDENAÇÃO DO CURSO DE ESPECIALIZAÇÃO EM PRÓTESE DENTÁRIA;2240;Ativo
PLS;COORDENAÇÃO DO CURSO DE ESPECIALIZAÇÃO EM PSICANÁLISE E LAÇO SOCIAL;2241;Ativo
PNP;COORDENAÇÃO DO CURSO DE ESPECIALIZAÇÃO EM PSICOSSOMÁTICA E CUIDADOS TRANSDISCIPLINARES COM O CORPO;2242;Ativo
PSQ;COORDENAÇÃO DO CURSO DE ESPECIALIZAÇÃO EM PSIQUIATRIA;2243;Ativo
PRD;COORDENAÇÃO DO CURSO DE ESPECIALIZAÇÃO EM RADIOLOGIA;2244;Ativo
EIT;COORDENAÇÃO DO CURSO DE ESPECIALIZAÇÃO EM RADIOLOGIA E DIAGNÓSTICO POR IMAGEM DO TÓRAX;;Ativo
PTP;COORDENAÇÃO DO CURSO DE ESPECIALIZAÇÃO EM TÉCNICAS E PROCESSOS DE ENGENHARIA DE MANUTENÇÃO;2245;Ativo
PTF;COORDENAÇÃO DO CURSO DE ESPECIALIZAÇÃO EM TECNOLOGIA FARMACÊUTICA;2246;Ativo
PTO;COORDENAÇÃO DO CURSO DE ESPECIALIZAÇÃO EM TOCOGINECOLOGIA;2247;Ativo
GEP;COORDENAÇÃO DO CURSO DE ESPECIALIZAÇÃO PLANEJAMENTO E OPERAÇÃO DE SISTEMAS DE INFORMAÇÃO NA INTERNET;555;Desativado
PLM;"COORDENAÇÃO DO CURSO DE ESPECIALIZAÇÃO; TRABALHO E CULTURA PROFISSIONAL: MULTIDIMENSIONALIDADE DE PRÁXIS DOCENTE";2295;Ativo
CSO;COORDENAÇÃO DO CURSO DE GRADUAÇÃO DE CIÊNCIAS SOCIAIS - LICENCIATURA;2002;Ativo
PCE;COORDENAÇÃO DO CURSO DE GRADUAÇÃO DE ENGENHARIA DE PRODUÇÃO DA ESCOLA DE ENGENHARIA DE PETRÓPOLIS;1996;Ativo
LBS;COORDENAÇÃO DO CURSO DE GRADUAÇÃO DE LICENCIATURA EM EDUCAÇÃO BILÍNGUE DE SURDOS;;Ativo
SGA;COORDENAÇÃO DO CURSO DE GRADUAÇÃO EM ADMINISTRAÇÃO;662;Ativo
TGS;COORDENAÇÃO DO CURSO DE GRADUAÇÃO EM ADMINISTRAÇÃO DE EMPRESAS;0;Desativado
VGD;COORDENAÇÃO DO CURSO DE GRADUAÇÃO EM ADMINISTRAÇÃO DE VOLTA REDONDA;1076;Ativo
MAD;COORDENAÇÃO DO CURSO DE GRADUAÇÃO EM ADMINISTRAÇÃO EM MACAÉ;1934;Ativo
TAP;COORDENAÇÃO DO CURSO DE GRADUAÇÃO EM ADMINISTRAÇÃO PÚBLICA;2301;Ativo
APD;COORDENAÇÃO DO CURSO DE GRADUAÇÃO EM ADMINISTRAÇÃO PÚBLICA - ENSINO À DISTÂNCIA;1924;Ativo
GPV;COORDENAÇÃO DO CURSO DE GRADUAÇÃO EM ADMINISTRAÇÃO PÚBLICA DE VOLTA REDONDA;1877;Ativo
GAO;COORDENAÇÃO DO CURSO DE GRADUAÇÃO EM ANTROPOLOGIA;1841;Ativo
TGA;COORDENAÇÃO DO CURSO DE GRADUAÇÃO EM ARQUITETURA E URBANISMO;732;Ativo
GGA;COORDENAÇÃO DO CURSO DE GRADUAÇÃO EM ARQUIVOLOGIA;516;Ativo
GAS;COORDENAÇÃO DO CURSO DE GRADUAÇÃO EM ARTES;1855;Ativo
GBI;COORDENAÇÃO DO CURSO DE GRADUAÇÃO EM BIBLIOTECONOMIA - ENSINO À DISTÂNCIA;;Bloqueado
GGB;COORDENAÇÃO DO CURSO DE GRADUAÇÃO EM BIBLIOTECONOMIA E DOCUMENTAÇÃO;514;Ativo
MGB;COORDENAÇÃO DO CURSO DE GRADUAÇÃO EM BIOMEDICINA;903;Ativo
CGB;COORDENAÇÃO DO CURSO DE GRADUAÇÃO EM BIOMEDICINA DE NOVA FRIBURGO;1801;Ativo
GCB;COORDENAÇÃO DO CURSO DE GRADUAÇÃO EM CIÊNCIA AMBIENTAL;1835;Ativo
TGI;COORDENAÇÃO DO CURSO DE GRADUAÇÃO EM CIÊNCIA DA COMPUTAÇÃO;766;Ativo
RGC;COORDENAÇÃO DO CURSO DE GRADUAÇÃO EM CIÊNCIA DA COMPUTAÇÃO ;1032;Ativo
GCT;COORDENAÇÃO DO CURSO DE GRADUAÇÃO EM CIÊNCIAS ATUARIAIS;1474;Ativo
GGN;COORDENAÇÃO DO CURSO DE GRADUAÇÃO EM CIÊNCIAS BIOLÓGICAS - BACHARELADO;1147;Ativo
CBL;COORDENACAO DO CURSO DE GRADUACAO EM CIÊNCIAS BIOLÓGICAS - LICENCIATURA;1939;Ativo
SGC;COORDENAÇÃO DO CURSO DE GRADUAÇÃO EM CIÊNCIAS CONTÁBEIS;672;Ativo
VGC;COORDENAÇÃO DO CURSO DE GRADUAÇÃO EM CIÊNCIAS CONTÁBEIS DE VOLTA REDONDA;1869;Ativo
MCC;COORDENAÇÃO DO CURSO DE GRADUAÇÃO EM CIÊNCIAS CONTÁBEIS EM MACAÉ;1935;Ativo
MCA;COORDENAÇÃO DO CURSO DE GRADUAÇÃO EM CIÊNCIAS CONTÁBEIS EM MACAÉ - À DISTÂNCIA;;Ativo
SGE;COORDENAÇÃO DO CURSO DE GRADUAÇÃO EM CIÊNCIAS ECONÔMICAS;664;Ativo
GCE;COORDENAÇÃO DO CURSO DE GRADUAÇÃO EM CIÊNCIAS ECONÔMICAS DE CAMPOS;1225;Ativo
GCN;COORDENAÇÃO DO CURSO DE GRADUAÇÃO EM CIÊNCIAS NATURAIS DE SANTO ANTONIO DE PÁDUA;1815;Ativo
GGS;COORDENAÇÃO DO CURSO DE GRADUAÇÃO EM CIÊNCIAS SOCIAIS - BACHARELADO;524;Ativo
CSL;COORDENACAO DO CURSO DE GRADUACAO EM CIÊNCIAS SOCIAIS - LICENCIATURA;1937;Ativo
CGS;COORDENAÇÃO DO CURSO DE GRADUAÇÃO EM CIÊNCIAS SOCIAIS DE CAMPOS - BACHARELADO;1229;Ativo
GGX;COORDENACAO DO CURSO DE GRADUACAO EM CINEMA E AUDIOVISUAL - BACHARELADO;1132;Ativo
CAB;COORDENACÃO DO CURSO DE GRADUACÃO EM CINEMA E AUDIOVISUAL - BACHARELADO;1971;Desativado
CAL;COORDENACÃO DO CURSO DE GRADUACÃO EM CINEMA E AUDIOVISUAL - LICENCIATURA;1927;Ativo
GCU;COORDENAÇÃO DO CURSO DE GRADUAÇÃO EM COMPUTAÇÃO - LICENCIATURA DO INSTITUTO NOROESTE FLUMINENSE DE ENSINO SUPERIOR;2015;Ativo
GGC;COORDENAÇÃO DO CURSO DE GRADUAÇÃO EM COMUNICAÇÃO SOCIAL;518;Ativo
GDI;COORDENAÇÃO DO CURSO DE GRADUAÇÃO EM DESENHO INDUSTRIAL;1858;Ativo
SGD;COORDENAÇÃO DO CURSO DE GRADUAÇÃO EM DIREITO;666;Ativo
CGD;COORDENAÇÃO DO CURSO DE GRADUAÇÃO EM DIREITO DE CAMPOS DOS GOYTACAZES;1849;Ativo
MCD;COORDENAÇÃO DO CURSO DE GRADUAÇÃO EM DIREITO DE MACAÉ;1923;Ativo
VGI;COORDENAÇÃO DO CURSO DE GRADUAÇÃO EM DIREITO DE VOLTA REDONDA;1881;Ativo
GGJ;COORDENAÇÃO DO CURSO DE GRADUAÇÃO EM EDUCAÇÃO FÍSICA;1136;Ativo
RGE;COORDENAÇÃO DO CURSO DE GRADUAÇÃO EM ENFERMAGEM DE RIO DAS OSTRAS;1036;Ativo
MGE;COORDENAÇÃO DO CURSO DE GRADUAÇÃO EM ENFERMAGEM E OBSTETRÍCIA;264;Ativo
TGG;COORDENAÇÃO DO CURSO DE GRADUAÇÃO EM ENGENHARIA;744;Desativado
TGR;COORDENAÇÃO DO CURSO DE GRADUAÇÃO EM ENGENHARIA AGRÍCOLA;748;Ativo
TGC;COORDENAÇÃO DO CURSO DE GRADUAÇÃO EM ENGENHARIA CIVIL;734;Ativo
TGF;COORDENACAO DO CURSO DE GRADUACAO EM ENGENHARIA DE AGRONEGOCIOS;0;Desativado
VGA;COORDENAÇÃO DO CURSO DE GRADUAÇÃO EM ENGENHARIA DE AGRONEGÓCIOS DE VOLTA REDONDA;1071;Ativo
GME;COORDENAÇÃO DO CURSO DE GRADUAÇÃO EM ENGENHARIA DE MATERIAIS - VOLTA REDONDA;2299;Ativo
TGO;COORDENAÇÃO DO CURSO DE GRADUAÇÃO EM ENGENHARIA DE PETRÓLEO;1138;Ativo
TGP;COORDENAÇÃO DO CURSO DE GRADUAÇÃO EM ENGENHARIA DE PRODUÇÃO;746;Ativo
RGN;COORDENAÇÃO DO CURSO DE GRADUAÇÃO EM ENGENHARIA DE PRODUÇÃO ;1034;Ativo
GEN;COORDENAÇÃO DO CURSO DE GRADUAÇÃO EM ENGENHARIA DE PRODUÇÃO DE SANTO ANTONIO DE PÁDUA ;1972;Em Desativação
VGP;COORDENAÇÃO DO CURSO DE GRADUAÇÃO EM ENGENHARIA DE PRODUÇÃO DE VOLTA REDONDA;1069;Ativo
TGD;COORDENAÇÃO DO CURSO DE GRADUAÇÃO EM ENGENHARIA DE PRODUÇÃO DE VOLTA REDONDA (CTC);0;Desativado
TGH;COORDENAÇÃO DO CURSO DE GRADUAÇÃO EM ENGENHARIA DE RECURSOS HÍDRICOS E DO MEIO AMBIENTE;1140;Ativo
TGT;COORDENAÇÃO DO CURSO DE GRADUAÇÃO EM ENGENHARIA DE TELECOMUNICAÇÕES;752;Ativo
TGE;COORDENAÇÃO DO CURSO DE GRADUAÇÃO EM ENGENHARIA ELÉTRICA;736;Ativo
TGM;COORDENAÇÃO DO CURSO DE GRADUAÇÃO EM ENGENHARIA MECÂNICA;738;Ativo
VGM;COORDENAÇÃO DO CURSO DE GRADUAÇÃO EM ENGENHARIA MECÂNICA DE VOLTA REDONDA;1067;Ativo
TGN;COORDENAÇÃO DO CURSO DE GRADUAÇÃO EM ENGENHARIA MECÂNICA DE VOLTA REDONDA (CTC);0;Desativado
TGV;COORDENAÇÃO DO CURSO DE GRADUAÇÃO EM ENGENHARIA METALÚRGICA;0;Desativado
VGE;COORDENAÇÃO DO CURSO DE GRADUAÇÃO EM ENGENHARIA METALÚRGICA DE VOLTA REDONDA;740;Ativo
TGQ;COORDENAÇÃO DO CURSO DE GRADUAÇÃO EM ENGENHARIA QUÍMICA;742;Ativo
TGB;COORDENAÇÃO DO CURSO DE GRADUAÇÃO EM ENGENHARIA-CICLO BÁSICO;750;Desativado
GGV;COORDENAÇÃO DO CURSO DE GRADUAÇÃO EM ESTATÍSTICA;1142;Ativo
GGD;COORDENACAO DO CURSO DE GRADUACAO EM ESTUDOS DE MIDIA;1149;Ativo
MGF;COORDENAÇÃO DO CURSO DE GRADUAÇÃO EM FARMÁCIA;266;Ativo
GGY;COORDENACAO DO CURSO DE GRADUACAO EM FILOSOFIA - BACHARELADO;1127;Ativo
CFL;COORDENACAO DO CURSO DE GRADUACAO EM FILOSOFIA - LICENCIATURA;1928;Ativo
GGF;COORDENAÇÃO DO CURSO DE GRADUAÇÃO EM FÍSICA - BACHARELADO;528;Ativo
LGF;COORDENAÇÃO DO CURSO DE GRADUAÇÃO EM FÍSICA - LICENCIATURA;1920;Ativo
SGF;COORDENAÇÃO DO CURSO DE GRADUAÇÃO EM FÍSICA DE SANTO ANTONIO PÁDUA;1813;Ativo
VGF;COORDENAÇAO DO CURSO DE GRADUAÇÃO EM FÍSICA DE VOLTA REDONDA;1251;Ativo
CGF;COORDENAÇÃO DO CURSO DE GRADUAÇÃO EM FONOAUDIOLOGIA DE NOVA FRIBURGO;1803;Ativo
GGU;COORDENAÇÃO DO CURSO DE GRADUAÇÃO EM GEOFÍSICA;961;Ativo
GGG;COORDENAÇÃO DO CURSO DE GRADUAÇÃO EM GEOGRAFIA - BACHARELADO;538;Ativo
CGL;COORDENACAO DO CURSO DE GRADUACAO EM GEOGRAFIA - LICENCIATURA;1940;Ativo
CLG;COORDENAÇÃO DO CURSO DE GRADUAÇÃO EM GEOGRAFIA - LICENCIATURA;1922;Ativo
SGR;COORDENAÇÃO DO CURSO DE GRADUAÇÃO EM GEOGRAFIA - TITULAÇÃO LICENCIATURA;1851;Ativo
CGG;COORDENAÇÃO DO CURSO DE GRADUAÇÃO EM GEOGRAFIA DE CAMPOS - BACHARELADO;1227;Ativo
GGH;COORDENAÇÃO DO CURSO DE GRADUAÇÃO EM HISTÓRIA - BACHARELADO;522;Ativo
GHL;COORDENACAO DO CURSO DE GRADUACAO EM HISTÓRIA - LICENCIATURA;1938;Ativo
CGH;COORDENAÇÃO DO CURSO DE GRADUAÇÃO EM HISTÓRIA DE CAMPOS;1479;Ativo
TGI*;COORDENAÇÃO DO CURSO DE GRADUAÇÃO EM INFORMÁTICA;7660;Desativado
GGI;COORDENAÇÃO DO CURSO DE GRADUAÇÃO EM INFORMÁTICA - CEG;532;Desativado
GIN;COORDENAÇÃO DO CURSO DE GRADUAÇÃO EM INFORMÁTICA  DE SANTO ANTONIO DE PÁDUA;1817;Em Desativação
GIA;COORDENAÇÃO DO CURSO DE GRADUAÇÃO EM INTELIGÊNCIA ARTIFICIAL E CIÊNCIA DE DADOS;;Ativo
GJO;COORDENAÇÃO DO CURSO DE GRADUAÇÃO EM JORNALISMO;2087;Ativo
GGL;COORDENAÇÃO DO CURSO DE GRADUAÇÃO EM LETRAS - BACHARELADO;530;Ativo
GLL;COORDENACAO DO CURSO DE GRADUACAO EM LETRAS - LICENCIATURA;1933;Ativo
GLD;COORDENAÇÃO DO CURSO DE GRADUAÇÃO EM LETRAS - LICENCIATURA - ENSINO À  DISTÂNCIA;1885;Em Desativação
CLL;COORDENAÇÃO DO CURSO DE GRADUAÇÃO EM LETRAS - LICENCIATURA - SEMIPRESENCIAL;;Ativo
GLI;COORDENAÇÃO DO CURSO DE GRADUAÇÃO EM LICENCIATURA INTERDISCIPLINAR EM EDUCAÇÃO NO CAMPO;2010;Ativo
GGT;COORDENAÇÃO DO CURSO DE GRADUAÇÃO EM MATEMÁTICA - BACHARELADO;534;Ativo
GMB;COORDENAÇÃO DO CURSO DE GRADUAÇÃO EM MATEMÁTICA - BACHARELADO  DE SANTO ANTÔNIO DE PÁDUA;1820;Ativo
GMD;COORDENAÇÃO DO CURSO DE GRADUAÇÃO EM MATEMÁTICA - ENSINO À DISTÂNCIA;1046;Em Desativação
GTL;COORDENAÇÃO DO CURSO DE GRADUAÇÃO EM MATEMÁTICA - LICENCIATURA;1921;Ativo
GMT;COORDENAÇÃO DO CURSO DE GRADUAÇÃO EM MATEMÁTICA - LICENCIATURA - SEMIPRESENCIAL;;Ativo
GMI;COORDENACAO DO CURSO DE GRADUACAO EM MATEMÁTICA - LICENCIATURA DE SANTO ANTÔNIO DE PÁDUA;1941;Ativo
VGT;COORDENAÇAO DO CURSO DE GRADUAÇÃO EM MATEMÁTICA DE VOLTA REDONDA;1253;Ativo
MGM;COORDENAÇÃO DO CURSO DE GRADUAÇÃO EM MEDICINA;268;Ativo
MGV;COORDENAÇÃO DO CURSO DE GRADUAÇÃO EM MEDICINA VETERINÁRIA;272;Ativo
MGN;COORDENAÇÃO DO CURSO DE GRADUAÇÃO EM NUTRIÇÃO;274;Ativo
MGO;COORDENAÇÃO DO CURSO DE GRADUAÇÃO EM ODONTOLOGIA;270;Ativo
MGD;COORDENACAO DO CURSO DE GRADUACAO EM ODONTOLOGIA DE NOVA FRIBURGO;1130;Ativo
SGP;COORDENAÇÃO DO CURSO DE GRADUAÇÃO EM PEDAGOGIA;668;Ativo
SGG;COORDENAÇÃO DO CURSO DE GRADUAÇÃO EM PEDAGOGIA DE ANGRA DOS REIS;1144;Ativo
SGO;COORDENAÇÃO DO CURSO DE GRADUAÇÃO EM PEDAGOGIA DE SANTO ANTONIO DE PÁDUA;1129;Ativo
CPO;COORDENAÇÃO DO CURSO DE GRADUAÇÃO EM POLÍTICAS PÚBLICAS;1917;Ativo
GGR;COORDENAÇÃO DO CURSO DE GRADUAÇÃO EM PRODUÇÃO CULTURAL;520;Ativo
RGP;COORDENAÇÃO DO CURSO DE GRADUAÇÃO EM PRODUÇÃO CULTURAL DE RIO DAS OSTRAS;1040;Ativo
GGP;COORDENAÇÃO DO CURSO DE GRADUAÇÃO EM PSICOLOGIA;526;Ativo
CGP;COORDENAÇÃO DO CURSO DE GRADUAÇÃO EM PSICOLOGIA DE CAMPOS DOS GOYTACAZES;1847;Ativo
RGI;COORDENAÇÃO DO CURSO DE GRADUAÇÃO EM PSICOLOGIA DE RIO DAS OSTRAS;1042;Ativo
VGS;COORDENAÇÃO DO CURSO DE GRADUAÇÃO EM PSICOLOGIA DE VOLTA REDONDA;1481;Ativo
GGQ;COORDENAÇÃO DO CURSO DE GRADUAÇÃO EM QUÍMICA;536;Ativo
VGQ;COORDENAÇAO DO CURSO DE GRADUAÇÃO EM QUÍMICA - BACHARELADO  ;1261;Ativo
VLQ;COORDENAÇÃO DO CURSO DE GRADUAÇÃO EM QUÍMICA - LICENCIATURA;1919;Ativo
GGZ;COORDENACAO DO CURSO DE GRADUACAO EM RELACOES INTERNACIONAIS;1125;Ativo
SSP;COORDENAÇÃO DO CURSO DE GRADUAÇÃO EM SEGURANÇA PÚBLICA;1853;Ativo
SGS;COORDENAÇÃO DO CURSO DE GRADUAÇÃO EM SERVIÇO SOCIAL;670;Ativo
SGM;COORDENAÇÃO DO CURSO DE GRADUAÇÃO EM SERVIÇO SOCIAL DE CAMPOS;674;Ativo
RGS;COORDENAÇÃO DO CURSO DE GRADUAÇÃO EM SERVIÇO SOCIAL DE RIO DAS OSTRAS;1038;Ativo
CGI;COORDENAÇÃO DO CURSO DE GRADUAÇÃO EM SISTEMAS DE INFORMAÇÃO;1865;Ativo
GSC;COORDENAÇÃO DO CURSO DE GRADUAÇÃO EM SOCIOLOGIA;1843;Ativo
SGT;COORDENAÇÃO DO CURSO DE GRADUAÇÃO EM TURISMO;902;Ativo
GTG;"COORDENAÇÃO DO CURSO DE GRADUAÇÃO TECNOLÓGICA EM PROCESSOS GERENCIAIS; COM ÊNFASE EM EMPREENDEDORISMO";1953;Ativo
PVC;COORDENAÇÃO DO CURSO DE MBA EM CIÊNCIA DOS DADOS;2258;Ativo
PCD;COORDENAÇÃO DO CURSO DE MBA EM CONTABILIDADE E AUDITORIA;2248;Ativo
PCF;COORDENAÇÃO DO CURSO DE MBA EM CONTROLADORIA E FINANÇAS;2249;Ativo
PAV;COORDENAÇÃO DO CURSO DE MBA EM DESENVOLVIMENTO GERENCIAL AVANÇADO;2250;Ativo
PMR;COORDENAÇÃO DO CURSO DE MBA EM ECONOMIA EMPRESARIAL;2251;Ativo
PVF;COORDENAÇÃO DO CURSO DE MBA EM ENGENHARIA ECONÔMICA E FINANCEIRA;2255;Ativo
PGD;COORDENAÇÃO DO CURSO DE MBA EM EXECUTIVO EM GESTÃO EMPREENDEDORA;2252;Ativo
PFC;COORDENAÇÃO DO CURSO DE MBA EM FINANÇAS CORPORATIVAS E MERCADO DE CAPITAIS;2253;Ativo
PRS;COORDENAÇÃO DO CURSO DE MBA EM GERÊNCIA DE RISCOS;2254;Ativo
PGJ;COORDENAÇÃO DO CURSO DE MBA EM GERENCIAMENTO DE PROJETOS;2256;Ativo
PNS;COORDENAÇÃO DO CURSO DE MBA EM GESTÃO DE NEGÓCIOS SUSTENTÁVEIS;2257;Ativo
PRH;COORDENAÇÃO DO CURSO DE MBA EM GESTÃO DE RECURSOS HUMANOS;2259;Ativo
CGM/EST;COORDENAÇÃO DO CURSO DE MBA EM GESTÃO E MARKETING;;Ativo
PTI;COORDENAÇÃO DO CURSO DE MBA EM GESTÃO EMPRESARIAL ESTRATÉGICA;2261;Ativo
PSN;COORDENAÇÃO DO CURSO DE MBA EM GESTÃO ESTRATÉGICA DE NEGÓCIOS;2262;Ativo
PPM;COORDENAÇÃO DO CURSO DE MBA EM GESTÃO ESTRATÉGICA PRODUÇÃO MANUTENÇÃO;2263;Ativo
PQT;COORDENAÇÃO DO CURSO DE MBA EM GESTÃO PELA QUALIDADE TOTAL;2264;Ativo
PLE;COORDENAÇÃO DO CURSO DE MBA EM LOGÍSTICA EMPRESARIAL - GESTÃO DA CADEIA DE SUPRIMENTOS;2265;Ativo
PME;COORDENAÇÃO DO CURSO DE MBA EM MARKETING EMPRESARIAL;2266;Ativo
POS;COORDENAÇÃO DO CURSO DE MBA EM ORGANIZAÇÕES E ESTRATÉGIA;2267;Ativo
PPG;COORDENAÇÃO DO CURSO DE MBA EM TRANSPORTE PÚBLICO DE PASSAGEIROS;2269;Ativo
PVT;COORDENAÇÃO DO CURSO DE MBA SERVIÇOS AVANÇADOS EM TECNOLOGIA DA INFORMAÇÃO E COMUNICAÇÃO;2268;Ativo
CMG;COORDENAÇÃO DO CURSO DE MESTRADO EM GEOGRAFIA DE CAMPOS DOS GOYTACAZES;1962;Ativo
PJS;COORDENAÇÃO DO CURSO DE MESTRADO EM JUSTIÇA E SEGURANÇA;2302;Ativo
PIT;"COORDENAÇÃO DO CURSO DE PÓS GRADUAÇÃO EM CIÊNCIA; TECNOLOGIAS E INCLUSÃO";2303;Ativo
GES;COORDENAÇÃO DO CURSO DE PÓS GRADUAÇÃO EM ENSINO - STRICTO SENSU;2012;Ativo
PGE;COORDENAÇÃO DO CURSO DE PÓS GRADUAÇÃO EM GEOGRAFIA - STRICTO SENSU;1159;Ativo
PJR;COORDENAÇÃO DO CURSO DE PÓS GRADUAÇÃO EM RESIDÊNCIA JURÍDICA - VOLTA REDONDA;2293;Ativo
PRPO;COORDENAÇÃO DO CURSO DE PÓS-GRADUAÇÃO DE RESIDÊNCIA EM CIRURGIA E TRAUMATOLOGIA BUCO-MAXILO-FACIAIS;2129;Ativo
PRM;COORDENAÇÃO DO CURSO DE PÓS-GRADUAÇÃO DE RESIDÊNCIA EM MEDICINA VETERINÁRIA;2127;Ativo
PRJ;COORDENAÇÃO DO CURSO DE PÓS-GRADUAÇÃO DE RESIDÊNCIA JURÍDICA EM RESOLUÇÃO DE CONFLITOS - LATO SENSU;2019;Ativo
HAS;COORDENAÇÃO DO CURSO DE PÓS-GRADUAÇÃO DE RESIDÊNCIA MÉDICA EM ADMINISTRAÇÃO EM SAÚDE - ÁREA DE ATUAÇÃO - LATO SENSU;2029;Desativado
HAN;COORDENAÇÃO DO CURSO DE PÓS-GRADUAÇÃO DE RESIDÊNCIA MÉDICA EM ANESTESIOLOGIA - LATO SENSU;2030;Desativado
HCA;COORDENAÇÃO DO CURSO DE PÓS-GRADUAÇÃO DE RESIDÊNCIA MÉDICA EM CARDIOLOGIA - LATO SENSU;2031;Desativado
HCR;COORDENAÇÃO DO CURSO DE PÓS-GRADUAÇÃO DE RESIDÊNCIA MÉDICA EM CIRURGIA DE MÃO - LATO SENSU;2032;Desativado
HCG;COORDENAÇÃO DO CURSO DE PÓS-GRADUAÇÃO DE RESIDÊNCIA MÉDICA EM CIRURGIA GERAL - LATO SENSU;2033;Desativado
HCP;COORDENAÇÃO DO CURSO DE PÓS-GRADUAÇÃO DE RESIDÊNCIA MÉDICA EM CIRURGIA PLÁSTICA - LATO SENSU;2034;Desativado
HCT;COORDENAÇÃO DO CURSO DE PÓS-GRADUAÇÃO DE RESIDÊNCIA MÉDICA EM CIRURGIA TORÁCICA - LATO SENSU;2035;Desativado
HCV;COORDENAÇÃO DO CURSO DE PÓS-GRADUAÇÃO DE RESIDÊNCIA MÉDICA EM CIRURGIA VASCULAR - LATO SENSU;2036;Desativado
HCM;COORDENAÇÃO DO CURSO DE PÓS-GRADUAÇÃO DE RESIDÊNCIA MÉDICA EM CLÍNICA MÉDICA - LATO SENSU;2037;Desativado
HDE;COORDENAÇÃO DO CURSO DE PÓS-GRADUAÇÃO DE RESIDÊNCIA MÉDICA EM DERMATOLOGIA - LATO SENSU;2038;Desativado
HEC;COORDENAÇÃO DO CURSO DE PÓS-GRADUAÇÃO DE RESIDÊNCIA MÉDICA EM ECOCARDIOGRAFIA - ÁREA DE ATUAÇÃO - LATO SENSU;2039;Desativado
HEN;COORDENAÇÃO DO CURSO DE PÓS-GRADUAÇÃO DE RESIDÊNCIA MÉDICA EM ENDOCRINOLOGIA - LATO SENSU;2040;Desativado
HEG;COORDENAÇÃO DO CURSO DE PÓS-GRADUAÇÃO DE RESIDÊNCIA MÉDICA EM ENDOSCOPIA GINECOLÓGICA - ÁREA DE ATUAÇÃO - LATO SENSU;2041;Desativado
HER;COORDENAÇÃO DO CURSO DE PÓS-GRADUAÇÃO DE RESIDÊNCIA MÉDICA EM ENDOSCOPIA RESPIRATÓRIA - ÁREA DE ATUAÇÃO - LATO SENSU;2042;Desativado
HGA;COORDENAÇÃO DO CURSO DE PÓS-GRADUAÇÃO DE RESIDÊNCIA MÉDICA EM GASTROENTEROLOGIA - LATO SENSU;2043;Desativado
HGE;COORDENAÇÃO DO CURSO DE PÓS-GRADUAÇÃO DE RESIDÊNCIA MÉDICA EM GERIATRIA - LATO SENSU;2044;Desativado
HHH;COORDENAÇÃO DO CURSO DE PÓS-GRADUAÇÃO DE RESIDÊNCIA MÉDICA EM HEMATOLOGIA E HEMOTERAPIA - LATO SENSU;2045;Desativado
HIN;COORDENAÇÃO DO CURSO DE PÓS-GRADUAÇÃO DE RESIDÊNCIA MÉDICA EM INFECTOLOGIA - LATO SENSU;2046;Desativado
HMA;COORDENAÇÃO DO CURSO DE PÓS-GRADUAÇÃO DE RESIDÊNCIA MÉDICA EM MASTOLOGIA - LATO SENSU;2047;Desativado
HMF;COORDENAÇÃO DO CURSO DE PÓS-GRADUAÇÃO DE RESIDÊNCIA MÉDICA EM MEDICINA DA FAMÍLIA E COMUNIDADE - LATO SENSU;2048;Desativado
HMI;COORDENAÇÃO DO CURSO DE PÓS-GRADUAÇÃO DE RESIDÊNCIA MÉDICA EM MEDICINA INTENSIVA - LATO SENSU;2049;Desativado
HMN;COORDENAÇÃO DO CURSO DE PÓS-GRADUAÇÃO DE RESIDÊNCIA MÉDICA EM MEDICINA NUCLEAR - LATO SENSU;2050;Desativado
HMP;COORDENAÇÃO DO CURSO DE PÓS-GRADUAÇÃO DE RESIDÊNCIA MÉDICA EM MEDICINA PREVENTIVA E SOCIAL - LATO SENSU;2051;Desativado
HNE;COORDENAÇÃO DO CURSO DE PÓS-GRADUAÇÃO DE RESIDÊNCIA MÉDICA EM NEFROLOGIA - LATO SENSU;2052;Desativado
HNN;COORDENAÇÃO DO CURSO DE PÓS-GRADUAÇÃO DE RESIDÊNCIA MÉDICA EM NEONATOLOGIA - ÁREA DE ATUAÇÃO - LATO SENSU;2053;Desativado
HNC;COORDENAÇÃO DO CURSO DE PÓS-GRADUAÇÃO DE RESIDÊNCIA MÉDICA EM NEUROCIRURGIA - LATO SENSU;2054;Desativado
HNU;COORDENAÇÃO DO CURSO DE PÓS-GRADUAÇÃO DE RESIDÊNCIA MÉDICA EM NEUROLOGIA - LATO SENSU;2055;Desativado
HNP;COORDENAÇÃO DO CURSO DE PÓS-GRADUAÇÃO DE RESIDÊNCIA MÉDICA EM NEUROLOGIA PEDIÁTRICA - ÁREA DE ATUAÇÃO - LATO SENSU;2056;Desativado
HOG;COORDENAÇÃO DO CURSO DE PÓS-GRADUAÇÃO DE RESIDÊNCIA MÉDICA EM OBSTETRÍCIA E GINECOLOGIA - LATO SENSU;2057;Desativado
HOF;COORDENAÇÃO DO CURSO DE PÓS-GRADUAÇÃO DE RESIDÊNCIA MÉDICA EM OFTALMOLOGIA - LATO SENSU;2058;Desativado
HOT;COORDENAÇÃO DO CURSO DE PÓS-GRADUAÇÃO DE RESIDÊNCIA MÉDICA EM ORTOPEDIA E TRAUMATOLOGIA - LATO SENSU;2059;Desativado
HOL;COORDENAÇÃO DO CURSO DE PÓS-GRADUAÇÃO DE RESIDÊNCIA MÉDICA EM OTORRINOLARINGOLOGIA - LATO SENSU;2060;Desativado
HPA;COORDENAÇÃO DO CURSO DE PÓS-GRADUAÇÃO DE RESIDÊNCIA MÉDICA EM PATOLOGIA - LATO SENSU;2061;Desativado
HPC;COORDENAÇÃO DO CURSO DE PÓS-GRADUAÇÃO DE RESIDÊNCIA MÉDICA EM PATOLOGIA CLÍNICA/MEDICINA LABORATORIAL - LATO SENSU;2062;Desativado
HPE;COORDENAÇÃO DO CURSO DE PÓS-GRADUAÇÃO DE RESIDÊNCIA MÉDICA EM PEDIATRIA - LATO SENSU;2063;Desativado
HPN;COORDENAÇÃO DO CURSO DE PÓS-GRADUAÇÃO DE RESIDÊNCIA MÉDICA EM PNEUMOLOGIA - LATO SENSU;2064;Desativado
HPP;COORDENAÇÃO DO CURSO DE PÓS-GRADUAÇÃO DE RESIDÊNCIA MÉDICA EM PNEUMOLOGIA PEDIÁTRICA - ÁREA DE ATUAÇÃO - LATO SENSU;2065;Desativado
HPS;COORDENAÇÃO DO CURSO DE PÓS-GRADUAÇÃO DE RESIDÊNCIA MÉDICA EM PSIQUIATRIA - LATO SENSU;2066;Desativado
HPI;COORDENAÇÃO DO CURSO DE PÓS-GRADUAÇÃO DE RESIDÊNCIA MÉDICA EM PSIQUIATRIA DA INFÂNCIA E ADOLESCÊNCIA - LATO SENSU;2067;Desativado
HRD;COORDENAÇÃO DO CURSO DE PÓS-GRADUAÇÃO DE RESIDÊNCIA MÉDICA EM RADIOLOGIA E DIAGNÓSTICO DE IMAGEM - LATO SENSU;2068;Desativado
HTC;COORDENAÇÃO DO CURSO DE PÓS-GRADUAÇÃO DE RESIDÊNCIA MÉDICA EM TRANSPLANTE DE CÓRNEA/OFTALMOLOGIA - LATO SENSU;2069;Desativado
HTN;COORDENAÇÃO DO CURSO DE PÓS-GRADUAÇÃO DE RESIDÊNCIA MÉDICA EM TRANSPLANTE RENAL/NEFROLOGIA - LATO SENSU;2070;Desativado
HTU;COORDENAÇÃO DO CURSO DE PÓS-GRADUAÇÃO DE RESIDÊNCIA MÉDICA EM TRANSPLANTE RENAL/UROLOGIA - LATO SENSU;2071;Desativado
HUR;COORDENAÇÃO DO CURSO DE PÓS-GRADUAÇÃO DE RESIDÊNCIA MÉDICA EM UROLOGIA - LATO SENSU;2072;Desativado
PPF;COORDENAÇÃO DO CURSO DE PÓS-GRADUAÇÃO DE RESIDÊNCIA MULTIPROFISSIONAL EM ATENÇÃO INTEGRAL À SAÚDE DA PESSOA COM DEFICIÊNCIA;2140;Ativo
PMA;COORDENAÇÃO DO CURSO DE PÓS-GRADUAÇÃO DE RESIDÊNCIA MULTIPROFISSIONAL EM SAÚDE MENTAL ATENÇÃO PSICOSSOCIAL;2133;Ativo
RUF;COORDENAÇÃO DO CURSO DE PÓS-GRADUAÇÃO DE RESIDÊNCIA UNIPROFISSIONAL EM FÍSICA MÉDICA - LATU SENSU;;Ativo
CSC;COORDENACAO DO CURSO DE POS-GRADUACAO DE SAUDE COLETIVA;1078;Ativo
SPD;COORDENAÇÃO DO CURSO DE PÓS-GRADUAÇÃO EM ADMINISTRAÇÃO;676;Ativo
PAF;COORDENAÇÃO DO CURSO DE PÓS-GRADUAÇÃO EM ADMINISTRAÇÃO E GESTÃO DA ASSISTÊNCIA FARMACÊUTICA - MESTRADO PROFISSIONAL;1905;Ativo
PDP;COORDENAÇÃO DO CURSO DE PÓS-GRADUAÇÃO EM ADMINISTRAÇÃO PÚBLICA;2105;Ativo
PAR;COORDENAÇÃO DO CURSO DE PÓS-GRADUAÇÃO EM ADVOCACIA - RESIDÊNCIA JURÍDICA;2106;Ativo
PPN;COORDENAÇÃO DO CURSO DE PÓS-GRADUAÇÃO EM ANÁLISE DE POLÍTICAS PARA A POPULAÇÃO NEGRA - LATO SENSU;2018;Ativo
PRA;COORDENAÇÃO DO CURSO DE PÓS-GRADUAÇÃO EM ANÁLISE DE RISCO AMBIENTAL ;2107;Ativo
MPA;COORDENAÇÃO DO CURSO DE PÓS-GRADUAÇÃO EM ANATOMIA PATOLÓGICA;296;Ativo
GPA;COORDENAÇÃO DO CURSO DE PÓS-GRADUAÇÃO EM ANTROPOLOGIA;1150;Ativo
GAC;COORDENAÇÃO DO CURSO DE PÓS-GRADUAÇÃO EM ANTROPOLOGIA E CIÊNCIA POLÍTICA;604;Desativado
PAD;COORDENAÇÃO DO CURSO DE PÓS-GRADUAÇÃO EM ANTROPOLOGIA E DESENVOLVIMENTO COGNITIVO;2108;Ativo
PARQ;COORDENAÇÃO DO CURSO DE PÓS-GRADUAÇÃO EM ARQUITETURA E URBANISMO (STRICTO SENSU);1151;Ativo
PBM;COORDENAÇÃO DO CURSO DE PÓS-GRADUAÇÃO EM BIOLOGIA MARINHA E AMBIENTES COSTEIROS (STRICTO SENSU);1152;Ativo
MPL;COORDENAÇÃO DO CURSO DE PÓS-GRADUAÇÃO EM CARDIOLOGIA;288;Ativo
PCG;"COORDENAÇÃO DO CURSO DE PÓS-GRADUAÇÃO EM CARTOGRAFIA; GEOTECNOLOGIAS E MEIO AMBIENTE NO ENSINO - LATO SENSU - ENSINO À DISTÂNCIA";2028;Ativo
PCA;COORDENAÇÃO DO CURSO DE PÓS-GRADUAÇÃO EM CIÊNCIA AMBIENTAL (STRICTO SENSU);1153;Ativo
PPCA;COORDENAÇÃO DO CURSO DE PÓS-GRADUAÇÃO EM CIÊNCIA DA ARTE (STRICTO SENSU);1154;Em Desativação
TPB;COORDENAÇÃO DO CURSO DE PÓS-GRADUAÇÃO EM CIÊNCIA DA COMPUTAÇÃO;768;Desativado
PPC;COORDENAÇÃO DO CURSO DE PÓS-GRADUAÇÃO EM CIÊNCIA DA INFORMAÇÃO;1184;Ativo
PCII;COORDENAÇÃO DO CURSO DE PÓS-GRADUAÇÃO EM CIÊNCIA DA INFORMAÇÃO - IBICT (STRICTO SENSU);1155;Desativado
PPCI;COORDENAÇÃO DO CURSO DE PÓS-GRADUAÇÃO EM CIÊNCIA DA INFORMAÇÃO (STRICTO SENSU);1263;Ativo
GPC;COORDENAÇÃO DO CURSO DE PÓS-GRADUAÇÃO EM CIÊNCIA POLÍTICA;0;Desativado
PCP;COORDENAÇÃO DO CURSO DE PÓS-GRADUAÇÃO EM CIÊNCIA POLÍTICA (STRICTO SENSU);1182;Ativo
PAP;COORDENAÇÃO DO CURSO DE PÓS-GRADUAÇÃO EM CIÊNCIAS APLICADAS A PRODUTOS PARA SAÚDE (STRICTO SENSU);1185;Ativo
PCS;COORDENAÇÃO DO CURSO DE PÓS-GRADUAÇÃO EM CIÊNCIAS DO CUIDADO EM SAÚDE - STRICTO SENSU;1265;Ativo
MPY;COORDENAÇÃO DO CURSO DE PÓS-GRADUAÇÃO EM CIRURGIA;310;Ativo
MPG;COORDENAÇÃO DO CURSO DE PÓS-GRADUAÇÃO EM CIRURGIA GASTROENTEROLÓGICA;294;Ativo
MPR;COORDENAÇÃO DO CURSO DE PÓS-GRADUAÇÃO EM CIRURGIA TORÁCICA;292;Ativo
MPU;COORDENAÇÃO DO CURSO DE PÓS-GRADUAÇÃO EM CIRURGIA VETERINÁRIA;304;Em Desativação
PCM;COORDENAÇÃO DO CURSO DE PÓS-GRADUAÇÃO EM CM - ENGENHEIRO DE CAMPO - CONSTRUÇÃO E MONTAGEM;2109;Ativo
TPA;COORDENAÇÃO DO CURSO DE PÓS-GRADUAÇÃO EM COMPUTAÇÃO APLICADA E AUTOMAÇÃO;758;Desativado
PGC;COORDENAÇÃO DO CURSO DE PÓS-GRADUAÇÃO EM COMPUTAÇÃO (STRICTO SENSU);1156;Ativo
PMN;COORDENAÇÃO DO CURSO DE PÓS-GRADUAÇÃO EM COMUNICAÇÃO;2110;Ativo
PCO;COORDENAÇÃO DO CURSO DE PÓS-GRADUAÇÃO EM COMUNICAÇÃO (STRICTO SENSU);1183;Ativo
PMV;COORDENAÇÃO DO CURSO DE PÓS-GRADUAÇÃO EM COMUNICAÇÕES MÓVEIS;2111;Ativo
PLL;"COORDENAÇÃO DO CURSO DE PÓS-GRADUAÇÃO EM CULTURA; LÍNGUA E LITERATURA LATINA ";2112;Ativo
DSC;COORDENAÇÃO DO CURSO DE PÓS-GRADUAÇÃO EM DEFESA E SEGURANÇA CIVIL - MESTRADO;2304;Ativo
PDG;COORDENAÇÃO DO CURSO DE PÓS-GRADUAÇÃO EM DEFESA E SEGURANÇA CIVIL - MESTRADO PROFISSIONAL;1907;Em Desativação
PDS;COORDENAÇÃO DO CURSO DE PÓS-GRADUAÇÃO EM DEFESA E SEGURANÇA CIVIL (STRICTO SENSU);1267;Desativado
MPD;COORDENAÇÃO DO CURSO DE PÓS-GRADUAÇÃO EM DERMATOLOGIA;1861;Ativo
CDR;"COORDENAÇÃO DO CURSO DE PÓS-GRADUAÇÃO EM DESENVOLVIMENTO REGIONAL; AMBIENTE E POLÍTICAS PÚBLICAS - STRICTO SENSU";2077;Ativo
POD;COORDENAÇÃO DO CURSO DE PÓS-GRADUAÇÃO EM DINÂMICA DOS OCEANOS E DA TERRA;2101;Ativo
MPF;COORDENAÇÃO DO CURSO DE PÓS-GRADUAÇÃO EM DOENÇAS INFECCIOSAS E PARASITÁRIAS;314;Ativo
SPC;COORDENAÇÃO DO CURSO DE PÓS-GRADUAÇÃO EM ECONOMIA;678;Desativado
PEC;COORDENAÇÃO DO CURSO DE PÓS-GRADUAÇÃO EM ECONOMIA (STRICTO SENSU);;Desativado
SPU;COORDENAÇÃO DO CURSO DE PÓS-GRADUAÇÃO EM EDUCAÇÃO;680;Ativo
PEJ;COORDENAÇÃO DO CURSO DE PÓS-GRADUAÇÃO EM EDUCAÇÃO DE JOVENS E ADULTOS NA DIVERSIDADE E INCLUSÃO SOCIAL - LATO SENSU;2023;Ativo
PRR;COORDENAÇÃO DO CURSO DE PÓS-GRADUAÇÃO EM EDUCAÇÃO E RELAÇÕES RACIAIS - À DISTÂNCIA;2113;Ativo
PEI;COORDENAÇÃO DO CURSO DE PÓS-GRADUAÇÃO EM EDUCAÇÃO ESPECIAL E INCLUSIVA;2114;Ativo
PEN;COORDENAÇÃO DO CURSO DE PÓS-GRADUAÇÃO EM ENFERMAGEM;1186;Ativo
PECS;COORDENAÇÃO DO CURSO DE PÓS-GRADUAÇÃO EM ENFERMAGEM - CIÊNCIAS DO CUIDADO EM SAÚDE  (STRICTO SENSU);;Desativado
PEA;COORDENAÇÃO DO CURSO DE PÓS-GRADUAÇÃO EM ENFERMAGEM ASSISTENCIAL STRICTO SENS;1264;Ativo
TPC;COORDENAÇÃO DO CURSO DE PÓS-GRADUAÇÃO EM ENGENHARIA CIVIL;754;Ativo
PEM;COORDENAÇÃO DO CURSO DE PÓS-GRADUAÇÃO EM ENGENHARIA CIVIL - ESTRUTURA METÁLICA - LATO SENSU;2091;Ativo
PCC;COORDENAÇÃO DO CURSO DE PÓS-GRADUAÇÃO EM ENGENHARIA DE CONDICIONAMENTO E COMISSIONAMENTO DE OBRAS DE CONSTRUÇÃO E MONTAGEM;2115;Ativo
TPP;COORDENAÇÃO DO CURSO DE PÓS-GRADUAÇÃO EM ENGENHARIA DE PRODUÇÃO;756;Ativo
PPR;COORDENAÇÃO DO CURSO DE PÓS-GRADUAÇÃO EM ENGENHARIA DE PRODUÇÃO ;2116;Ativo
VEN;COORDENAÇÃO DO CURSO DE PÓS-GRADUAÇÃO EM ENGENHARIA DE PRODUÇÃO - MESTRADO PROFISSIONAL;2000;Ativo
PCT;COORDENAÇÃO DO CURSO DE PÓS-GRADUAÇÃO EM ENGENHARIA DE PRODUÇÃO E SISTEMAS COMPUTACIONAIS - MESTRADO PROFISSIONAL;1910;Ativo
PQO;COORDENAÇÃO DO CURSO DE PÓS-GRADUAÇÃO EM ENGENHARIA DE QUALIDADE DE OBRAS DE CONSTRUÇÃO E MONTAGEM;2138;Ativo
PSU;COORDENAÇÃO DO CURSO DE PÓS-GRADUAÇÃO EM ENGENHARIA DE SUPRIMENTOS EM CONSTRUÇÃO E MONTAGEM;2117;Ativo
PET;COORDENAÇÃO DO CURSO DE PÓS-GRADUAÇÃO EM ENGENHARIA ELÉTRICA E DE TELECOMUNICAÇÕES - STRICTO SENSU;1157;Ativo
TPN;COORDENAÇÃO DO CURSO DE PÓS-GRADUAÇÃO EM ENGENHARIA MECÂNICA;760;Ativo
VPE;COORDENAÇÃO DO CURSO DE PÓS-GRADUAÇÃO EM ENGENHARIA MECÂNICA - MESTRADO E DOUTORADO;1872;Ativo
TPE;COORDENAÇÃO DO CURSO DE PÓS-GRADUAÇÃO EM ENGENHARIA METALÚRGICA;0;Desativado
VPM;COORDENAÇÃO DO CURSO DE PÓS-GRADUAÇÃO EM ENGENHARIA METALÚRGICA DE VOLTA REDONDA;762;Ativo
PEQ;COORDENAÇÃO DO CURSO DE PÓS-GRADUAÇÃO EM ENGENHARIA QUÍMICA - STRICTO SENSU;1187;Ativo
VES;COORDENAÇÃO DO CURSO DE PÓS-GRADUAÇÃO EM ENGENHARIA SANITÁRIA E AMBIENTAL - À DISTÂNCIA;2099;Ativo
REC;COORDENAÇÃO DO CURSO DE PÓS-GRADUAÇÃO EM ENSINO DE CIÊNCIAS ;2137;Ativo
PCN;COORDENAÇÃO DO CURSO DE PÓS-GRADUAÇÃO EM ENSINO DE CIÊNCIAS DA NATUREZA - MESTRADO PROFISSIONAL;1911;Ativo
PEH;COORDENAÇÃO DO CURSO DE PÓS-GRADUAÇÃO EM ENSINO DE HISTÓRIA - MESTRADO PROFISSIONAL;2013;Ativo
PHC;COORDENAÇÃO DO CURSO DE PÓS-GRADUAÇÃO EM ENSINO DE HISTÓRIA E DE CIÊNCIAS SOCIAIS ;2118;Ativo
PER;COORDENAÇÃO DO CURSO DE PÓS-GRADUAÇÃO EM ERGONOMIA;2119;Ativo
PAT;COORDENAÇÃO DO CURSO DE PÓS-GRADUAÇÃO EM ESTUDOS CONTEMPORÂNEOS DAS ARTES;2001;Ativo
PLG;COORDENAÇÃO DO CURSO DE PÓS-GRADUAÇÃO EM ESTUDOS DE LINGUAGEM (STRICTO SENSU);1471;Ativo
PLT;COORDENAÇÃO DO CURSO DE PÓS-GRADUAÇÃO EM ESTUDOS DE LITERATURA (STRICTO SENSU);1469;Ativo
PEE;COORDENAÇÃO DO CURSO DE PÓS-GRADUAÇÃO EM ESTUDOS ESTRATÉGICOS DA DEFESA E DA SEGURANÇA - STRICTO SENSU;1158;Ativo
PED;COORDENAÇÃO DO CURSO DE PÓS-GRADUAÇÃO EM ETNOEDUCAÇÃO ;2092;Ativo
PFI;COORDENAÇÃO DO CURSO DE PÓS-GRADUAÇÃO EM FILOSOFIA  (STRICTO SENSU);1845;Ativo
GPF;COORDENAÇÃO DO CURSO DE PÓS-GRADUAÇÃO EM FÍSICA;542;Ativo
GPS;COORDENAÇÃO DO CURSO DE PÓS-GRADUAÇÃO EM GEOLOGIA E GEOFÍSICA MARINHA;1160;Desativado
GPG;COORDENAÇÃO DO CURSO DE PÓS-GRADUAÇÃO EM GEOQUÍMICA;544;Ativo
PGP;COORDENAÇÃO DO CURSO DE PÓS-GRADUAÇÃO EM GERONTOLOGIA SOCIAL E POLÍTICAS PÚBLICAS;2120;Ativo
PGA;"COORDENAÇÃO DO CURSO DE PÓS-GRADUAÇÃO EM GESTÃO DA ASSISTÊNCIA FARMACÊUTICA; VOLTADO PARA O SISTEMA ÚNICO DE SAÚDE";2121;Ativo
PID;COORDENAÇÃO DO CURSO DE PÓS-GRADUAÇÃO EM GESTÃO DA INOVAÇÃO PARA O DESENVOLVIMENTO LOCAL;2122;Ativo
VGR;COORDENAÇÃO DO CURSO DE PÓS-GRADUAÇÃO EM GESTÃO DE PRODUTOS EM MERCADOS NO AGRONEGÓCIO;2100;Ativo
PGL;COORDENAÇÃO DO CURSO DE PÓS-GRADUAÇÃO EM GESTÃO ESCOLAR - À DISTÂNCIA ;2126;Desativado
PHI;"COORDENAÇÃO DO CURSO DE PÓS-GRADUAÇÃO EM HIGIENE; INSPEÇÃO E TECNOLOGIA ALIMENTOS DE ORIGEM ANIMAL- STRICTO SENSU";1809;Ativo
MPH;COORDENAÇÃO DO CURSO DE PÓS-GRADUAÇÃO EM HIGIENE VETERINÁRIA E PROCESSAMENTO TECNOLÓGICO DE ALIMENTOS DE ORIGEM ANIMAL;306;Ativo
GPH;COORDENAÇÃO DO CURSO DE PÓS-GRADUAÇÃO EM HISTÓRIA;546;Ativo
PHR;COORDENAÇÃO DO CURSO DE PÓS-GRADUAÇÃO EM HISTÓRIA DO RIO DE JANEIRO;1791;Ativo
MIA;COORDENAÇÃO DO CURSO DE PÓS-GRADUAÇÃO EM IRRADIAÇÃO DE ALIMENTOS;377;Desativado
PQS;COORDENAÇÃO DO CURSO DE PÓS-GRADUAÇÃO EM JUDICIALIZAÇÃO DAS QUESTÕES SOCIAIS - LATO SENSU;2020;Ativo
PJA;COORDENAÇÃO DO CURSO DE PÓS-GRADUAÇÃO EM JUSTIÇA ADMINISTRATIVA- STRICTO SENSU;1240;Ativo
GPL;COORDENAÇÃO DO CURSO DE PÓS-GRADUAÇÃO EM LETRAS;548;Em Desativação
GPM;COORDENAÇÃO DO CURSO DE PÓS-GRADUAÇÃO EM MATEMÁTICA;550;Ativo
MPM;COORDENAÇÃO DO CURSO DE PÓS-GRADUAÇÃO EM MEDICINA;276;Desativado
MPK;COORDENAÇÃO DO CURSO DE PÓS-GRADUAÇÃO EM MEDICINA CLÍNICA;308;Ativo
MPV;"COORDENAÇÃO DO CURSO DE PÓS-GRADUAÇÃO EM MEDICINA VETERINÁRIA; CLÍNICA E REPRODUÇÃO";278;Ativo
SPM;COORDENAÇÃO DO CURSO DE PÓS-GRADUAÇÃO EM METODOLOGIA DO SERVIÇO SOCIAL;0;Desativado
PMP;COORDENAÇÃO DO CURSO DE PÓS-GRADUAÇÃO EM MICROBIOLOGIA E PARASITOLOGIA APLICADA - STRICTO SENSU;1161;Ativo
PMG;"COORDENAÇÃO DO CURSO DE PÓS-GRADUAÇÃO EM MICROPOLÍTICA DA GESTÃO E DO TRABALHO EM SAÚDE; À DISTÂNCIA";2128;Ativo
VPC;COORDENAÇÃO DO CURSO DE PÓS-GRADUAÇÃO EM MODELAGEM COMPUTACIONAL EM CIÊNCIA E TECNOLOGIA;1871;Ativo
PMI;COORDENAÇÃO DO CURSO DE PÓS-GRADUAÇÃO EM MONTAGEM INDUSTRIAL - MESTRADO PROFISSIONAL;1914;Ativo
PNE;COORDENAÇÃO DO CURSO DE PÓS-GRADUAÇÃO EM NEUROCIÊNCIAS -STRICTO SENSU;1162;Ativo
HNF;COORDENAÇÃO DO CURSO DE PÓS-GRADUAÇÃO EM NEUROFISIOLOGIA CLÍNICA - ÁREA DE ATUAÇÃO - LATO SENSU;2073;Desativado
PNI;COORDENAÇÃO DO CURSO DE PÓS-GRADUAÇÃO EM NEUROIMUNOLOGIA-STRICTO SENSU;1270;Desativado
MPN;COORDENAÇÃO DO CURSO DE PÓS-GRADUAÇÃO EM NEUROLOGIA;290;Ativo
MPO;COORDENAÇÃO DO CURSO DE PÓS-GRADUAÇÃO EM ODONTOLOGIA;280;Ativo
MPW;COORDENAÇÃO DO CURSO DE PÓS-GRADUAÇÃO EM PATOLOGIA;312;Ativo
MPB;COORDENAÇÃO DO CURSO DE PÓS-GRADUAÇÃO EM PATOLOGIA BUCO-DENTAL;298;Ativo
MPX;COORDENAÇÃO DO CURSO DE PÓS-GRADUAÇÃO EM PATOLOGIA EXPERIMENTAL;300;Ativo
MPE;COORDENAÇÃO DO CURSO DE PÓS-GRADUAÇÃO EM PATOLOGIA VETERINÁRIA;302;Em Desativação
PPO;COORDENAÇÃO DO CURSO DE PÓS-GRADUAÇÃO EM PEDAGOGIA SOCIAL PARA O SÉCULO XXI;2130;Ativo
MPI;COORDENAÇÃO DO CURSO DE PÓS-GRADUAÇÃO EM PEDIATRIA;286;Ativo
POC;COORDENAÇÃO DO CURSO DE PÓS-GRADUAÇÃO EM PLANEJAMENTO DE OBRAS DE CONSTRUÇÃO E MONTAGEM;2131;Ativo
MPP;COORDENAÇÃO DO CURSO DE PÓS-GRADUAÇÃO EM PNEUMOLOGIA;0;Desativado
PPS;COORDENAÇÃO DO CURSO DE PÓS-GRADUAÇÃO EM POLÍTICA SOCIAL-STRICTO SENSU;1163;Ativo
PPP;"COORDENAÇÃO DO CURSO DE PÓS-GRADUAÇÃO EM POLÍTICAS PÚBLICAS E GESTÃO GOVERNAMENTAL; À DISTÂNCIA ";2132;Ativo
PSM;COORDENAÇÃO DO CURSO DE PÓS-GRADUAÇÃO EM PSICANÁLISE E SAÚDE MENTAL;1476;Ativo
GPP;COORDENACAO DO CURSO DE POS-GRADUACAO EM PSICOLOGIA;1242;Desativado
GPQ;COORDENAÇÃO DO CURSO DE PÓS-GRADUAÇÃO EM QUÍMICA ORGÂNICA;552;Ativo
PRI;COORDENAÇÃO DO CURSO DE PÓS-GRADUAÇÃO EM RELAÇÕES INTERNACIONAIS-STRICTO SENSU;1271;Ativo
PSC;COORDENAÇÃO DO CURSO DE PÓS-GRADUAÇÃO EM SAÚDE COLETIVA-STRICTO SENSU;;Desativado
PMT;COORDENAÇÃO DO CURSO DE PÓS-GRADUAÇÃO EM SAÚDE MATERNO-INFANTIL - MESTRADO PROFISSIONAL;1915;Ativo
PSI;COORDENAÇÃO DO CURSO DE PÓS-GRADUAÇÃO EM SAÚDE MATERNO-INFANTIL- MESTRADO PROFISSIONAL;;Desativado
PSS;"COORDENAÇÃO DO CURSO DE PÓS-GRADUAÇÃO EM SERVIÇO SOCIAL CONTEMPORÂNEO: QUESTÃO SOCIAL; PLANEJAMENTO E GESTÃO DE POLÍTICAS SOCIAIS";2134;Ativo
PGS;"COORDENAÇÃO DO CURSO DE PÓS-GRADUAÇÃO EM SISTEMAS DE GESTÃO SUSTENTÁVEIS; NÍVEL DE DOUTORADO";1967;Ativo
PSG;COORDENAÇÃO DO CURSO DE PÓS-GRADUAÇÃO EM SISTEMAS DE GESTÃO-STRICTO SENSU;1269;Ativo
POE;COORDENAÇÃO DO CURSO DE PÓS-GRADUAÇÃO EM SMS EM OBRAS DE ENGENHARIA DE CONSTRUÇÃO E MONTAGEM;2135;Ativo
PSD;COORDENAÇÃO DO CURSO DE PÓS-GRADUAÇÃO EM SOCIOLOGIA E DIREITO-STRICTO SENSU;1165;Ativo
PSO;COORDENAÇÃO DO CURSO DE PÓS-GRADUAÇÃO EM SOCIOLOGIA (MESTRADO);1839;Ativo
TPS;COORDENAÇÃO DO CURSO DE PÓS-GRADUAÇÃO EM TECNOLOGIAS E PRÁTICAS EM SAÚDE - MESTRADO PROFISSIONAL;;Ativo
PTU;COORDENAÇÃO DO CURSO DE PÓS-GRADUAÇÃO EM TURISMO - STRICTO SENSU;2017;Ativo
EPE;COORDENAÇÃO DO CURSO DE PÓS-GRADUAÇÃO LATO SENSU EM GESTÃO DA ESCOLA PÚBLICA DE ENSINO MÉDIO;;Ativo
REP;COORDENAÇÃO DO CURSO DE PÓS-GRADUAÇÃO LATO SENSU EM RESIDÊNCIA EM ENFERMAGEM PEDIÁTRICA;;Bloqueado
PCI;COORDENAÇÃO DO CURSO DE PÓS-GRADUAÇÃO LATU SENSU EM CONTROLE DE INFECÇÃO EM ASSISTÊNCIA À SAÚDE;1244;Ativo
PSF;COORDENAÇÃO DO CURSO DE PÓS-GRADUAÇÃO LATU SENSU EM SAÚDE DA FAMÍLIA;1883;Ativo
PGR;COORDENAÇÃO DO CURSO DE PÓS-GRADUAÇÃO MBA EM GESTÃO DE RISCOS DE PROCESSOS E DE CONFIABILIDADE;2123;Ativo
PGV;COORDENAÇÃO DO CURSO DE PÓS-GRADUAÇÃO MBA EM GESTÃO DE SERVIÇOS;2124;Ativo
PTC;COORDENAÇÃO DO CURSO DE PÓS-GRADUAÇÃO MBA EM GESTÃO EMPRESARIAL EM TRIBUTAÇÃO E CONTABILIDADE;2125;Ativo
PTR;"COORDENAÇÃO DO CURSO DE PÓS-GRADUAÇÃO MBA EM TV DIGITAL; RADIODIFUSÃO E NOVAS MÍDIAS DE COMUNICAÇÃO ELETRÔNICA";2136;Ativo
VPA;COORDENAÇÃO DO CURSO DE PÓS-GRADUAÇÃO STRICTO SENSU EM ADMINISTRAÇÃO - MESTRADO PROFISSIONAL;1925;Ativo
PPV;COORDENAÇÃO DO CURSO DE RESIDÊNCIA EM ANATOMIA PATOLÓGICA VETERINÁRIA;2270;Ativo
PRE;COORDENAÇÃO DO CURSO DE RESIDÊNCIA EM ENFERMAGEM EM SAÚDE COLETIVA;2271;Ativo
PEO;COORDENAÇÃO DO CURSO DE RESIDÊNCIA EM ENFERMAGEM OBSTÉTRICA;2274;Ativo
RFH;COORDENAÇÃO DO CURSO DE RESIDÊNCIA EM FARMÁCIA HOSPITALAR;2272;Ativo
FSQ/CMF;"COORDENAÇÃO DO CURSO DE RESIDÊNCIA EM FARMACOEPIDEMIOLOGIA; SEGURANÇA DO PACIENTE E QUALIDADE DE SERVIÇOS";;Ativo
PFS;COORDENAÇÃO DO CURSO DE RESIDÊNCIA EM MULTIPROFISSIONAL EM SAÚDE;2273;Ativo
RGR/TCE;COORDENAÇÃO DO CURSO DE RESIDÊNCIA EM PRÁTICAS AGRÍCOLAS E ASSISTÊNCIA TÉCNICA E EXTENSÃO RURAL;;Ativo
EIA;COORDENAÇÃO DO CURSO LATO SENSU DE ESPECIALIZAÇÃO EM INSPEÇÃO DE ALIMENTOS PARA OFICIAIS VETERINÁRIOS;;Ativo
CTS;COORDENAÇÃO DO CURSO SUPERIOR DE TECNOLOGIA  EM SISTEMAS DE COMPUTAÇÃO - ENSINO À DISTÂNCIA;1863;Ativo
STS;COORDENAÇÃO DO CURSO SUPERIOR DE TECNOLOGIA EM  SEGURANÇA PÚBLICA - ENSINO À DISTÂNCIA;1956;Ativo
GTH;COORDENAÇÃO DO CURSO SUPERIOR DE TECNOLOGIA EM HOTELARIA;1856;Ativo
MGP/EST;COORDENAÇÃO DO MBA EM GESTÃO PÚBLICA MUNICIPAL ;;Ativo
PQN;COORDENAÇÃO DO MESTRADO PROFISSIONAL EM QUÍMICA (REDE NACIONAL);;Ativo
MPZ;COORDENAÇÃO DO PROGRAMA DE POS GRADUAÇÃO EM CIÊNCIAS MÉDICAS;964;Ativo
PES;COORDENAÇÃO DO PROGRAMA DE PÓS GRADUAÇÃO EM ESTUDOS ESTRATÉGICOS DA DEFESA E DA SEGURANÇA;1830;Ativo
BES;"Coordenação do Programa de Pós-graduação em Bioética; Ética Aplicada e Saúde Coletiva";;Ativo
PBI;COORDENAÇÃO DO PROGRAMA DE PÓS-GRADUAÇÃO EM BIOLOGIA DAS INTERAÇÕES - MESTRADO E DOUTORADO;1906;Em Desativação
PGB;COORDENAÇÃO DO PROGRAMA DE PÓS-GRADUAÇÃO EM BIOTECNOLOGIA MARINHA;;Ativo
PCB;"COORDENAÇÃO DO PROGRAMA DE PÓS-GRADUAÇÃO EM CIÊNCIAS BIOMÉDICAS; NÍVEIS DE MESTRADO E DOUTORADO";1966;Ativo
PNA;COORDENAÇÃO DO PROGRAMA DE PÓS-GRADUAÇÃO EM CIÊNCIAS DA NUTRIÇÃO;2142;Ativo
PBT;COORDENAÇÃO DO PROGRAMA DE PÓS-GRADUAÇÃO EM CIÊNCIAS E BIOTECNOLOGIA - MESTRADO E DOUTORADO;2079;Ativo
PCV;COORDENAÇÃO DO PROGRAMA DE PÓS-GRADUAÇÃO EM CINEMA E AUDIOVISUAL;2141;Ativo
PCL;COORDENAÇÃO DO PROGRAMA DE PÓS-GRADUAÇÃO EM CULTURA E TERRITORIALIDADES ;1926;Ativo
PGM;COORDENAÇÃO DO PROGRAMA DE PÓS-GRADUAÇÃO EM DESIGN - MESTRADO;;Ativo
PDC;COORDENAÇÃO DO PROGRAMA DE PÓS-GRADUAÇÃO EM DIREITO CONSTITUCIONAL - MESTRADO;1908;Ativo
DIN;"COORDENAÇÃO DO PROGRAMA DE PÓS-GRADUAÇÃO EM DIREITOS; INSTITUIÇÕES E NEGÓCIOS";;Ativo
PDN;COORDENAÇÃO DO PROGRAMA DE PÓS-GRADUAÇÃO EM DIVERSIDADE E INCLUSÃO - MESTRADO PROFISSIONAL;1950;Ativo
PBS;COORDENAÇÃO DO PROGRAMA DE PÓS-GRADUAÇÃO EM ENGENHARIA DE BIOSSISTEMAS - MESTRADO E DOUTORADO;1909;Ativo
PEF;COORDENAÇÃO DO PROGRAMA DE PÓS-GRADUAÇÃO EM ENSINO DE FÍSICA;2288;Ativo
PUS;COORDENAÇÃO DO PROGRAMA DE PÓS-GRADUAÇÃO EM ENSINO NA SAÚDE: FORMAÇÃO DOCENTE INTERDISCIPLINAR PARA O SUS - MESTRADO PROFISSIOINAL;1912;Ativo
PJD*;COORDENAÇÃO DO PROGRAMA DE PÓS-GRADUAÇÃO EM JUSTIÇA ADMINISTRATIVA - DOUTORADO;2078;Em Desativação
MRN;COORDENAÇÃO DO PROGRAMA DE PÓS-GRADUAÇÃO EM MATEMÁTICA EM REDE NACIONAL;;Ativo
PMC;COORDENAÇÃO DO PROGRAMA DE PÓS-GRADUAÇÃO EM MÍDIA E COTIDIANO - MESTRADO;1913;Ativo
PGO;COORDENAÇÃO DO PROGRAMA DE PÓS-GRADUAÇÃO EM ODONTOLOGIA DE NOVA FRIBURGO - MESTRADO;1951;Ativo
PSB;COORDENAÇÃO DO PROGRAMA DE PÓS-GRADUAÇÃO EM POLÍTICAS E DESENVOLVIMENTO/MESTRADO PROFISSIONAL EM ADMINISTRAÇÃO PÚBLICA;2144;Ativo
PPE;COORDENAÇÃO DO PROGRAMA DE PÓS-GRADUAÇÃO EM PSICOLOGIA;1164;Ativo
PDM;COORDENAÇÃO DO PROGRAMA DE PÓS-GRADUAÇÃO EM SAÚDE DA FAMÍLIA - MESTRADO PROFISSIONAL;2143;Ativo
PSR;COORDENAÇÃO DO PROGRAMA DE PÓS-GRADUAÇÃO EM SERVIÇO SOCIAL E DESENVOLVIMENTO REGIONAL - MESTRADO;1916;Ativo
VPT;COORDENAÇÃO DO PROGRAMA DE PÓS-GRADUAÇÃO EM TECNOLOGIA AMBIENTAL - NÍVEL DE MESTRADO;1918;Ativo
PTS;"COORDENAÇÃO DO PROGRAMA DE PÓS-GRADUAÇÃO EM TERRITÓRIO; SOCIEDADE E POLÍTICAS PÚBLICAS - MESTRADO";;Ativo
DMD;COORDENAÇÃO DO PROGRAMA DE PÓS-GRADUAÇÃO STRICTO SENSU EM DIREITO;;Ativo
RSF;COORDENAÇÃO DO PROGRAMA DE RESIDÊNCIA MULTIPROFISSIONAL EM SAÚDE DA FAMÍLIA;;Ativo
CLF;COORDENACAO DOS LABORATÓRIOS DIDÁTICOS DE FÍSICA DO VCX;1890;Desativado
CLQ;COORDENACAO DOS LABORATÓRIOS DIDÁTICOS DE QUÍMICAS DO VCX;1889;Desativado
CMI/HU;COORDENAÇÃO MATERNO INFANTIL ;1643;Desativado
CGSE;COORDENAÇÃO PARA GESTÃO DOS SERVIÇOS DE ENGENHARIA  (REUNI);;Desativado
PLI*;COORDENAÇÃO SETORIAL DE INFORMAÇÕES ADMINISTRATIVAS;;Desativado
PLA*;COORDENAÇÃO SETORIAL DE ORGANIZAÇÃO ADMINISTRATIVA;;Desativado
PLO*;COORDENAÇÃO SETORIAL DE PROGRAMAÇÃO ORÇAMENTÁRIA;;Desativado
CTE/STI;COORDENAÇÃO TÉCNICA;1507;Ativo
CTS/HU;COORDENAÇÃO TÉCNICA E DE SERVIÇOS ;1640;Desativado
CTV/SCS;COORDENAÇÃO UNITEVÊ;1486;Ativo
CTV/STI;COORDENAÇÃO UNITEVÊ ;1998;Desativado
CAFI;COORDENADORIA  DE ADMINISTRAÇÃO FINANCEIRA;1193;Desativado
CAFI/SDA;COORDENADORIA ADM FINANCEIRA DA SDA;1175;Desativado
CADM/AC;COORDENADORIA ADMINISTRATIVA DA PROAC;1170;Desativado
CAP/SAEP*;COORDENADORIA ADMINISTRATIVA E DE PATRIMÕNIO*;0;Desativado
CADM/SRH;COORDENADORIA ADMINISTRATIVA SRH;1172;Desativado
CALIM/DAC;COORDENADORIA ALIMENTAR DO DAC/SRH;1174;Desativado
CCED/EX;COORDENADORIA DE  CONVENIOS E EDITAIS;1166;Desativado
CAC;COORDENADORIA DE AÇÃO COMUNITÁRIA;230;Desativado
CADAS;COORDENADORIA DE ADMINISTRAÇÃO E ASSESSORAMENTO;897;Desativado
CADOR/SRH;COORDENADORIA DE ADMINISTRACAO ORCAMENTARIA SRH;1171;Desativado
CAA;COORDENADORIA DE APOIO A AVALIAÇÃO;;Desativado
CAPP;COORDENADORIA DE APOIO A PROGRAMAS E PROJETOS DA PROAC;0;Desativado
CAD;COORDENADORIA DE APOIO AO DISCENTE;205;Desativado
CAEG;COORDENADORIA DE APOIO AO ENSINO DE GRADUAÇÃO;200;Desativado
CAEP;COORDENADORIA DE ARQUITETURA ENGENHARIA E PATRIMÔNIO;921;Desativado
CAAA;COORDENADORIA DE ARTICULAÇÃO UNIVERSIDADE-COMUNIDADE EM ATIVIDADES AGROPECUÁRIAS/MEIO AMBIENTE;892;Desativado
CAAE;COORDENADORIA DE ARTICULAÇÃO UNIVERSIDADE-COMUNIDADE EM ATIVIDADES EDUCACIONAIS E AÇÃO CULTURAL;889;Desativado
CAAS;COORDENADORIA DE ARTICULAÇÃO UNIVERSIDADE-COMUNIDADE EM ATIVIDADES SAÚDE E ASSISTÊNCIA SOCIAL;890;Desativado
CCD;COORDENADORIA DE CAPACITAÇÃO DE DOCENTES;249;Desativado
CCJA;COORDENADORIA DE CONSULTORIA JURÍDICO-ADMINISTRATIVA;2170;Desativado
CCONT/DCF*;COORDENADORIA DE CONTABILIDADE DO DCF;1178;Desativado
CCJ;COORDENADORIA DE CONTENCIOSO JUDICIAL;2169;Desativado
CCE;COORDENADORIA DE COOPERAÇÃO EXTERNA;253;Desativado
PLAD;COORDENADORIA DE DESENVOLVIMENTO INSTITUCIONAL;1008;Desativado
CEA/SAEP*;COORDENADORIA DE ENGENHARIA E ARQUITETURA*;0;Desativado
PGI;COORDENADORIA DE GESTAO DA INFORMACAO;1001;Desativado
PLI;COORDENADORIA DE INFORMAÇÕES ADMINISTRATIVAS;;Desativado
COL/SDA;COORDENADORIA DE LICITAÇÃO;1206;Desativado
CMAC;COORDENADORIA DE MATERIAL E CONTRATOS;940;Desativado
PLOR;COORDENADORIA DE ORCAMENTO E CUSTO;1004;Desativado
COC/SUDEPI;COORDENADORIA DE ORÇAMENTO E CUSTOS;123;Desativado
PLA;COORDENADORIA DE ORGANIZAÇÃO ADMINISTRATIVA;129;Desativado
CP;COORDENADORIA DE PESQUISA;241;Desativado
PLAN;COORDENADORIA DE PLANEJAMENTO;1007;Desativado
CPG;COORDENADORIA DE PÓS-GRADUAÇÃO;245;Desativado
CPGL;COORDENADORIA DE PÓS-GRADUAÇÃO LATO SENSU;1146;Desativado
CPI;COORDENADORIA DE PROGRAMAS DE INTEGRAÇÃO ENSINO-COMUNIDADE;226;Desativado
COPE/PROEX;COORDENADORIA DE PROJETOS EDUCACIONAIS EM NÍVEL DE 1º E 2º GRAUS;661;Desativado
COSEAC*;COORDENADORIA DE SELEÇÃO;0;Desativado
CSG/SDA;COORDENADORIA DE SERVIÇOS GRÁFICOS UNIVERSITÁRIOS;1207;Desativado
CCA;COORDENADORIA DO CAMPUS AVANÇADO E CRUTAC-RJ;;Desativado
CSA;COORDENADORIA DO SISTEMA AGRO-UFF;222;Desativado
CFIN/AC;COORDENADORIA FINANCEIRA DA PROAC;1169;Desativado
CFIN/EX;COORDENADORIA FINANCEIRA DA PROEX;1167;Desativado
CGE;COORDENADORIA GERAL DE ESTAGIOS;1121;Desativado
CS/UFF;CORREGEDORIA SETORIAL;2352;Ativo
MLI/AC;CURSO DE GRADUAÇÃO EM MATEMÁTICA LICENCIATURA DE SANTO ANTÔNIO DE PÁDUA;204;Desativado
STA;DEPARTAMENTO DE ADMINISTRAÇÃO;722;Ativo
SAD;DEPARTAMENTO DE ADMINISTRAÇÃO - ESA;;Desativado
MDM;DEPARTAMENTO DE ADMINISTRAÇÃO DE MACAÉ;1960;Ativo
DAP;DEPARTAMENTO DE ADMINISTRAÇÃO DE PESSOAL;0;Desativado
DAPE;DEPARTAMENTO DE ADMINISTRAÇÃO DE PESSOAL ;0;Desativado
DAP/GEPE;DEPARTAMENTO DE ADMINISTRAÇÃO DE PESSOAL  ;5;Ativo
VAP;DEPARTAMENTO DE ADMINISTRAÇÃO E ADMINISTRAÇÃO PÚBLICA;1459;Desativado
VAD;DEPARTAMENTO DE ADMINISTRAÇÃO E ADMINISTRAÇÃO PÚBLICA DE VOLTA REDONDA;1074;Ativo
MAC;DEPARTAMENTO DE ADMINISTRAÇÃO E CONTABILIDADE EM MACAÉ;1530;Em Desativação
DAE;DEPARTAMENTO DE ADMINISTRAÇÃO ESCOLAR;210;Desativado
DAE/GRAD;DEPARTAMENTO DE ADMINISTRAÇÃO ESCOLAR;1427;Ativo
STP;Departamento de Administração Pública;2358;Ativo
TAA;DEPARTAMENTO DE AGRONEGÓCIOS E ADMINISTRAÇÃO;0;Desativado
GAN;DEPARTAMENTO DE ANÁLISE;633;Ativo
GAG;DEPARTAMENTO DE ANÁLISE GEO-AMBIENTAL;613;Ativo
GAP;DEPARTAMENTO DE ANTROPOLOGIA;593;Ativo
TAR;DEPARTAMENTO DE ARQUITETURA;778;Ativo
TAU;DEPARTAMENTO DE ARQUITETURA E URBANISMO;;Desativado
GAT;DEPARTAMENTO DE ARTE;567;Ativo
RAE;DEPARTAMENTO DE ARTES E ESTUDOS CULTURAIS;1473;Ativo
DAS;DEPARTAMENTO DE ASSISTÊNCIA SOCIAL;;Desativado
DAC;DEPARTAMENTO DE ASSUNTOS COMUNITÁRIOS;31;Em Desativação
GCM;DEPARTAMENTO DE BIOLOGIA CELULAR E MOLECULAR;580;Ativo
GBG;DEPARTAMENTO DE BIOLOGIA GERAL;578;Ativo
GBM;DEPARTAMENTO DE BIOLOGIA MARINHA;588;Ativo
MBO;DEPARTAMENTO DE BROMATOLOGIA;339;Ativo
GCG;DEPARTAMENTO DE CARTOGRAFIA;;Desativado
TCC;DEPARTAMENTO DE CIÊNCIA DA COMPUTAÇÃO;808;Ativo
GCC;DEPARTAMENTO DE CIÊNCIA DA COMPUTAÇÃO - EGM;;Desativado
GCI;DEPARTAMENTO DE CIÊNCIA DA INFORMAÇÃO;574;Ativo
GCL;DEPARTAMENTO DE CIÊNCIA DA LINGUAGEM;628;Ativo
RCT;DEPARTAMENTO DE CIÊNCIA E TECNOLOGIA;1030;Desativado
GCP;DEPARTAMENTO DE CIÊNCIA POLÍTICA;595;Ativo
DCA;DEPARTAMENTO DE CIÊNCIAS ATUARIAIS E FINANÇAS;2296;Ativo
FCB;DEPARTAMENTO DE CIENCIAS BASICAS;1544;Ativo
RCN;DEPARTAMENTO DE CIÊNCIAS DA NATUREZA;1970;Ativo
TMC;DEPARTAMENTO DE CIÊNCIAS DOS MATERIAIS;801;Em Desativação
CEC;DEPARTAMENTO DE CIÊNCIAS ECONÔMICAS DE CAMPOS;1309;Ativo
VCE;DEPARTAMENTO DE CIÊNCIAS EXATAS;1059;Ativo
PEB;"DEPARTAMENTO DE CIÊNCIAS EXATAS; BIOLÓGICAS E DA TERRA";1904;Ativo
PCH;DEPARTAMENTO DE CIÊNCIAS HUMANAS;1903;Ativo
DCJ;DEPARTAMENTO DE CIÊNCIAS JUDICIÁRIAS;1233;Ativo
COC;DEPARTAMENTO DE CIÊNCIAS SOCIAIS DE CAMPOS;1305;Ativo
GCV;DEPARTAMENTO DE CINEMA E VÍDEO;571;Ativo
MCG;DEPARTAMENTO DE CIRURGIA GERAL E ESPECIALIZADA;348;Ativo
GMC;DEPARTAMENTO DE COMPUTAÇÃO;;Desativado
RCM;DEPARTAMENTO DE COMPUTAÇÃO ;1537;Ativo
GCO;DEPARTAMENTO DE COMUNICAÇÃO SOCIAL;569;Ativo
GCA;DEPARTAMENTO DE COMUNICAÇÃO SOCIAL - EGH;;Desativado
STC;DEPARTAMENTO DE CONTABILIDADE;724;Ativo
SCT;DEPARTAMENTO DE CONTABILIDADE - ESA;953;Desativado
MCT;DEPARTAMENTO DE CONTABILIDADE DE MACAÉ;1961;Ativo
VCO;DEPARTAMENTO DE CONTABILIDADE DE VOLTA REDONDA;1461;Ativo
DCF;DEPARTAMENTO DE CONTABILIDADE E FINANÇAS;135;Desativado
DCF/PLAN;DEPARTAMENTO DE CONTABILIDADE E FINANÇAS ;1690;Ativo
DDRH;DEPARTAMENTO DE DESENVOLVIMENTO DE RECURSOS HUMANOS;19;Em Desativação
TDT;DEPARTAMENTO DE DESIGN E TECNOLOGIA;785;Ativo
DDCEX;DEPARTAMENTO DE DIFUSAO CULTURAL;980;Desativado
DDC/EX;DEPARTAMENTO DE DIFUSÃO CULTURAL;52;Desativado
DDC*;DEPARTAMENTO DE DIFUSÃO CULTURAL - PROPLAN;;Desativado
DDA;DEPARTAMENTO DE DIREITO APLICADO;1232;Ativo
MDI;DEPARTAMENTO DE DIREITO DE MACAÉ;1431;Ativo
VDI;DEPARTAMENTO DE DIREITO DE VOLTA REDONDA;1463;Ativo
SDV;DEPARTAMENTO DE DIREITO PRIVADO;695;Ativo
SDP;DEPARTAMENTO DE DIREITO PROCESSUAL;1796;Ativo
SDB;DEPARTAMENTO DE DIREITO PÚBLICO;697;Ativo
GDO;DEPARTAMENTO DE DOCUMENTAÇÃO;814;Em Desativação
SEN;DEPARTAMENTO DE ECONOMIA;718;Ativo
SEC;DEPARTAMENTO DE ECONOMIA - ESA;;Desativado
DED;DEPARTAMENTO DE EDUCAÇÃO;1217;Ativo
GEF;DEPARTAMENTO DE EDUCAÇÃO FÍSICA E DESPORTOS;540;Ativo
CEF;DEPARTAMENTO DE EDUCAÇÃO FÍSICA E DESPORTOS - CEF;;Desativado
NEF;DEPARTAMENTO DE EDUCAÇÃO FÍSICA E DESPORTOS - NEF;;Desativado
GEM;DEPARTAMENTO DE EDUCAÇÃO MATEMÁTICA;554;Desativado
STE;DEPARTAMENTO DE EMPREENDEDORISMO E GESTÃO;1954;Ativo
MEN;DEPARTAMENTO DE ENFERMAGEM;;Desativado
REN;DEPARTAMENTO DE ENFERMAGEM DE RIO DAS OSTRAS;1957;Ativo
MEP;DEPARTAMENTO DE ENFERMAGEM MATERNO-INFANTIL E PSIQUIÁTRICA;332;Ativo
MEM;DEPARTAMENTO DE ENFERMAGEM MÉDICO CIRÚRGICA;330;Ativo
REG;DEPARTAMENTO DE ENGENHARIA  ;1533;Ativo
TER;DEPARTAMENTO DE ENGENHARIA AGRÍCOLA E MEIO AMBIENTE;984;Ativo
TEC;DEPARTAMENTO DE ENGENHARIA CIVIL;787;Ativo
VEA;DEPARTAMENTO DE ENGENHARIA DE AGRONEGÓCIOS;986;Ativo
TEP;DEPARTAMENTO DE ENGENHARIA DE PRODUÇÃO;793;Ativo
PDE;DEPARTAMENTO DE ENGENHARIA DE PRODUÇÃO DA ESCOLA DE ENGENHARIA DE PETRÓPOLIS;1997;Ativo
VEP;DEPARTAMENTO DE ENGENHARIA DE PRODUÇÃO DE VOLTA REDONDA;1063;Ativo
TET;DEPARTAMENTO DE ENGENHARIA DE TELECOMUNICAÇÕES;797;Ativo
TEE;DEPARTAMENTO DE ENGENHARIA ELÉTRICA;789;Ativo
TEM;DEPARTAMENTO DE ENGENHARIA MECÂNICA;791;Ativo
VEM;DEPARTAMENTO DE ENGENHARIA MECÂNICA DE VOLTA REDONDA;1065;Ativo
VMT;DEPARTAMENTO DE ENGENHARIA METALÚRGICA E DE MATERIAIS;1061;Ativo
TEQ;DEPARTAMENTO DE ENGENHARIA QUÍMICA E DE PETRÓLEO;795;Ativo
SAP;DEPARTAMENTO DE ENSINO DO COLÉGIO AGRÍCOLA DE PINHEIRAL;;Desativado
SAB;DEPARTAMENTO DE ENSINO DO COLÉGIO AGRÍCOLA ILDEFONSO BASTOS BORGES;;Desativado
MEB;DEPARTAMENTO DE EPIDEMIOLOGIA E BIOESTATÍSTICA;397;Ativo
GET;DEPARTAMENTO DE ESTATÍSTICA;639;Ativo
GEC;DEPARTAMENTO DE ESTUDOS CULTURAIS E MÍDIA;915;Ativo
DEI;DEPARTAMENTO DE ESTUDOS ESTRATÉGICOS E RELAÇÕES INTERNACIONAIS;1828;Ativo
MAF;DEPARTAMENTO DE FARMÁCIA E ADMINISTRAÇÃO FARMACÊUTICA;337;Ativo
GFL;DEPARTAMENTO DE FILOSOFIA;597;Ativo
GFI;DEPARTAMENTO DE FÍSICA;608;Ativo
VFI;DEPARTAMENTO DE FÍSICA  DE VOLTA REDONDA;1259;Ativo
RFM;DEPARTAMENTO DE FÍSICA E MATEMÁTICA ;1535;Desativado
GFQ;DEPARTAMENTO DE FISICO-QUÍMICA;651;Ativo
MFL;DEPARTAMENTO DE FISIOLOGIA E FARMACOLOGIA;381;Ativo
FFE;DEPARTAMENTO DE FORMACAO ESPECIFICA;1545;Ativo
FEF;DEPARTAMENTO DE FORMAÇÃO ESPECÍFICA EM FONOAUDIOLOGIA;1862;Ativo
SFC;DEPARTAMENTO DE FUNDAMENTOS DE CIÊNCIAS DA SOCIEDADE;904;Ativo
MFE;DEPARTAMENTO DE FUNDAMENTOS DE ENFERMAGEM E ADMINISTRAÇÃO;328;Ativo
SFP;DEPARTAMENTO DE FUNDAMENTOS PEDAGÓGICOS;704;Ativo
GGE;DEPARTAMENTO DE GEOGRAFIA;615;Ativo
GRC;DEPARTAMENTO DE GEOGRAFIA DE CAMPOS;1307;Ativo
DGP;DEPARTAMENTO DE GEOGRAFIA E POLÍTICAS PÚBLICAS ;2026;Ativo
GGO/EGG;DEPARTAMENTO DE GEOLOGIA;1994;Desativado
GGO;DEPARTAMENTO DE GEOLOGIA E GEOFÍSICA;617;Ativo
GGM;DEPARTAMENTO DE GEOMETRIA;635;Ativo
GEO;DEPARTAMENTO DE GEOQUÍMICA;653;Ativo
GHT;DEPARTAMENTO DE HISTÓRIA;591;Ativo
CHT;DEPARTAMENTO DE HISTÓRIA DE CAMPOS;1959;Ativo
GIM;DEPARTAMENTO DE IMUNOBIOLOGIA;583;Ativo
GLC;DEPARTAMENTO DE LETRAS CLÁSSICAS E VERNÁCULAS;624;Ativo
GLE;DEPARTAMENTO DE LETRAS ESTRANGEIRAS MODERNAS;626;Ativo
GLF;DEPARTAMENTO DE LINGUÍSTICA E FILOLOGIA;;Desativado
GLT;DEPARTAMENTO DE LITERATURA;;Desativado
VMA;DEPARTAMENTO DE MATEMÁTICA  DE VOLTA REDONDA;1257;Ativo
GMA;DEPARTAMENTO DE MATEMÁTICA APLICADA;637;Ativo
MMC;DEPARTAMENTO DE MEDICINA CLÍNICA;352;Ativo
TMI;DEPARTAMENTO DE METALURGIA INDUSTRIAL;803;Desativado
MIP;DEPARTAMENTO DE MICROBIOLOGIA E PARASITOLOGIA;383;Ativo
MMO;DEPARTAMENTO DE MORFOLOGIA;385;Ativo
GNE;DEPARTAMENTO DE NEUROBIOLOGIA;585;Ativo
MNT;DEPARTAMENTO DE NUTRIÇÃO;;Desativado
MND;DEPARTAMENTO DE NUTRIÇÃO E DIETÉTICA;390;Ativo
MNS;DEPARTAMENTO DE NUTRIÇÃO SOCIAL;392;Ativo
MOC;DEPARTAMENTO DE ODONTOCLÍNICA;362;Ativo
MOT;DEPARTAMENTO DE ODONTOTÉCNICA;364;Ativo
MPT;DEPARTAMENTO DE PATOLOGIA;355;Ativo
MPC;DEPARTAMENTO DE PATOLOGIA CLÍNICA;;Desativado
MCV;DEPARTAMENTO DE PATOLOGIA E CLÍNICA VETERINÁRIA;370;Ativo
DP;DEPARTAMENTO DE PESSOAL;;Desativado
DP*;DEPARTAMENTO DE PESSOAL - PROPLAN;;Desativado
MPS;DEPARTAMENTO DE PLANEJAMENTO EM SAÚDE;401;Ativo
SPP;DEPARTAMENTO DE PROCESSUALÍSTICA E PRÁTICA FORENSE;699;Em Desativação
RPS;DEPARTAMENTO DE PSICOLOGIA;1834;Ativo
GSI;DEPARTAMENTO DE PSICOLOGIA;599;Ativo
GFP;DEPARTAMENTO DE PSICOLOGIA - EGH;;Desativado
CPS;DEPARTAMENTO DE PSICOLOGIA DE CAMPOS;1958;Ativo
VPS;DEPARTAMENTO DE PSICOLOGIA DE VOLTA REDONDA;1465;Ativo
MSM;DEPARTAMENTO DE PSIQUIATRIA E SAÚDE MENTAL;403;Ativo
GQM;DEPARTAMENTO DE QUÍMICA;;Desativado
GQA;DEPARTAMENTO DE QUÍMICA ANALITICA;645;Ativo
VQI;DEPARTAMENTO DE QUÍMICA DE VOLTA REDONDA;1255;Ativo
GQI;DEPARTAMENTO DE QUÍMICA INORGÂNICA;647;Ativo
GQO;DEPARTAMENTO DE QUÍMICA ORGÂNICA;649;Ativo
MRD;DEPARTAMENTO DE RADIOLOGIA;357;Ativo
MSV;DEPARTAMENTO DE SAÚDE COLETIVA VETERINÁRIA E SAÚDE PÚBLICA;907;Ativo
MCS;DEPARTAMENTO DE SAÚDE DA COMUNIDADE;354;Em Desativação
MSS;DEPARTAMENTO DE SAÚDE EM SOCIEDADE;399;Ativo
DSP;DEPARTAMENTO DE SEGURANÇA PÚBLICA;1854;Ativo
SSN;DEPARTAMENTO DE SERVIÇO SOCIAL;690;Ativo
SSC;DEPARTAMENTO DE SERVIÇO SOCIAL DE CAMPOS;726;Ativo
DSG;DEPARTAMENTO DE SERVIÇOS GERAIS;151;Desativado
SSE;"DEPARTAMENTO DE SOCIEDADE; EDUCAÇÃO E CONHECIMENTO";706;Ativo
GSO;DEPARTAMENTO DE SOCIOLOGIA E METODOLOGIA EM CIÊNCIAS SOCIAIS;601;Ativo
GCS;DEPARTAMENTO DE SOCIOLOGIA E METODOLOGIA EM CIÊNCIAS SOCIAIS - EGH;;Desativado
MTA;DEPARTAMENTO DE TECNOLOGIA DOS ALIMENTOS;372;Ativo
MTC;DEPARTAMENTO DE TECNOLOGIA FARMACÊUTICA;341;Ativo
MFA;DEPARTAMENTO DE TECNOLOGIA FARMACÊUTICA E DE COSMÉTICOS;;Desativado
SAE;DEPARTAMENTO DE TEORIA E PRÁTICA DE ADMINISTRAÇÃO ESCOLAR;;Desativado
SPE;DEPARTAMENTO DE TEORIA E PRÁTICA DE ENSINO;;Desativado
SOE;DEPARTAMENTO DE TEORIA E PRÁTICA DE ORIENTAÇÃO EDUCACIONAL E VOCACIONAL;;Desativado
STT;DEPARTAMENTO DE TURISMO;967;Ativo
TUR;DEPARTAMENTO DE URBANISMO;780;Ativo
MZO;DEPARTAMENTO DE ZOOTECNIA;374;Ativo
RIR;DEPARTAMENTO INTERDISCIPLINAR DE RIO DAS OSTRAS;1280;Ativo
GRO;DEPARTAMENTO INTERDISCIPLINAR DE RIO DAS OSTRAS (IACS);1009;Desativado
MMI;DEPARTAMENTO MATERNO-INFANTIL;350;Ativo
VMD;DEPARTAMENTO MULTIDISCIPLINAR DE VOLTA REDONDA;1467;Ativo
DE/CANP;DIREÇÃO  DE ENSINO;1110;Desativado
DA/CANP;DIREÇÃO ADMINISTRATIVA;1104;Desativado
DAP/CTAIBB;DIREÇÃO DE ADMINISTRAÇÃO E PLANEJAMENTO;1097;Desativado
DDE/CTAIBB;DIREÇÃO DE DESENVOLVIMENTO DE ENSINO;1087;Desativado
DP/CANP;DIREÇÃO DE PRODUÇÃO;1102;Desativado
DPP/CTAIBB;DIREÇÃO DE PRODUÇÃO E PLANEJAMENTO;1084;Desativado
DAC/HU;DIRETORIA ACADÊMICA;1664;Em Desativação
DAF/HU;DIRETORIA ADMINISTRATIVA E FINANCEIRA ;1656;Em Desativação
DEN/HU;DIRETORIA DE ENFERMAGEM;1646;Em Desativação
DRI/RET;DIRETORIA DE RELAÇÕES INTERNACIONAIS;1442;Desativado
DIG/HU;DIRETORIA GERAL;1402;Em Desativação
DME/HU;DIRETORIA MÉDICA;1632;Em Desativação
DCE;DIRETORIO CENTRAL DOS ESTUDANTES DA UFF;0;Desativado
DEMB;DISPENSÁRIO MAZZINI BUENO;347;Ativo
DAC/HUVET;DIVISÃO ACADÊMICA - HUVET;2160;Desativado
DAC/AIN;DIVISÃO ACADÊMICA DA ASSESSORIA DE INTERIORIZAÇÃO;1441;Desativado
DAO/COSEAC;DIVISÃO ACADÊMICA E OPERACIONAL;1425;Ativo
DA/CSG;DIVISÃO ADMINISTRATIVA;1208;Desativado
DA/NDC;DIVISÃO ADMINISTRATIVA DO NÚCLEO DE DOCUMENTAÇÃO;819;Desativado
DAF/HUVET;DIVISÃO ADMINISTRATIVA E FINANCEIRA;2164;Desativado
DAI/CAS;DIVISÃO DE ACESSIBILIDADE E INCLUSÃO (SENSIBILIZA UFF);1942;Ativo
DAAIN/SEPAD;Divisão de Ações Afirmativas de Ingresso;2356;Ativo
DAPI/PLAD;DIVISÃO DE ACOMPANHAMENTO DE PROGRAMAS INSTITUCIONAIS;2344;Ativo
DCD/DP;DIVISÃO DE ACOMPANHAMENTO E DESPESA COM PESSOAL;;Desativado
DAF/CPD;DIVISÃO DE ACOMPANHAMENTO FUNCIONAL;0;Desativado
DAF/DCF;DIVISÃO DE ADMINISTRAÇÃO FINANCEIRA;137;Desativado
DAB/DAS;DIVISÃO DE ADMISSÃO E BENEFÍCIOS;;Desativado
DAC/CRL;DIVISÃO DE ADMISSÃO E CADASTRO;1405;Ativo
DAR/DAE;DIVISÃO DE ADMISSÃO E REGISTRO;212;Desativado
DACQ/CPD;DIVISÃO DE AFASTAMENTOS PARA CAPACITAÇÃO E QUALIFICAÇÃO;2285;Ativo
DAN/CGRU;DIVISÃO DE ALIMENTAÇÃO E NUTRIÇÃO;1296;Ativo
DAVC;DIVISAO DE ALOCACAO DE VAGAS E DE CONCURSOS;1246;Desativado
DAC/CCONT;DIVISÃO DE ANÁLISE CONTÁBIL ;1701;Ativo
DARC/CAF;DIVISÃO DE ANÁLISE E REGISTRO CONTÁBIL;2327;Ativo
DAJ/CCPP;DIVISÃO DE ANÁLISES JUDICIAIS;1400;Ativo
DAFP/CAEG;DIVISÃO DE APOIO À FORMAÇÃO DE PROFESSORES;1614;Ativo
DPE/CPE;DIVISÃO DE APOIO À PESQUISA;1721;Ativo
DAA/CAA;DIVISÃO DE APOIO ACADÊMICO;1294;Ativo
DLRP/CPE;DIVISÃO DE APOIO AOS LABORATÓRIOS E REDES DE PESQUISA;1180;Ativo
DARP/CPE;DIVISÃO DE APOIO ÀS REDES DE PESQUISA;1723;Desativado
DAC/CAEG;DIVISÃO DE APOIO CURRICULAR;1423;Ativo
DAI/CRBA;DIVISÃO DE APOIO FINANCEIRO;1775;Ativo
DAO/CGRU;DIVISÃO DE APOIO OPERACIONAL;1304;Ativo
DAO/CGME;DIVISÃO DE APOIO OPERACIONAL - ME;1946;Ativo
DAPS/CAS;DIVISÃO DE APOIO PSICOSSOCIAL;1286;Desativado
DAP/CAS;DIVISÃO DE APOIO PSICOSSOCIAL;0;Desativado
DAT/NAV;DIVISÃO DE APOIO TÉCNICO;72;Desativado
DAT/PLAP;DIVISÃO DE APOIO TÉCNICO;1681;Ativo
DAPT/CAD;DIVISÃO DE APOIO TÉCNICO;1435;Ativo
DAF/COFIN;DIVISÃO DE APROPRIAÇÃO FINANCEIRA ;1698;Ativo
DAR/NDC;DIVISÃO DE ARQUIVO;92;Desativado
DAP/DDC;DIVISÃO DE ARTES PLÁSTICAS;;Desativado
DAVI/CAR;DIVISÃO DE ARTES VISUAIS;1746;Ativo
DAPE/CIAC;DIVISÃO DE ARTICULAÇÃO E PARCERIAS DE EXTENSÃO;1783;Ativo
DAI/CCI;DIVISÃO DE ASSESSORIA DE IMPRENSA;2005;Ativo
DAS/CASQ;DIVISÃO DE ASSISTÊNCIA À SAÚDE;1375;Ativo
DAS/DP;DIVISÃO DE ASSISTÊNCIA AO SERVIDOR;;Desativado
DIAC/DAC;DIVISÃO DE ASSUNTOS COMUNITÁRIOS;32;Em Desativação
DASE/CAS;DIVISÃO DE ATENÇÃO À SAÚDE DO ESTUDANTE;1968;Ativo
DAT/GTEC;DIVISÃO DE ATENDIMENTO TÉCNICO;185;Desativado
DAAC/CAA;DIVISÃO DE ATIVIDADES ACADÊMICO CULTURAIS;1292;Desativado
DAC/DDC;DIVISÃO DE ATIVIDADES CINEMATOGRÁFICAS;;Desativado
DAM/DDC;DIVISÃO DE ATIVIDADES MUSICAIS;;Desativado
DAT/DDC;DIVISÃO DE ATIVIDADES TEATRAIS;58;Desativado
DAT/DDC*;DIVISÃO DE ATIVIDADES TEATRAIS - DDC;;Desativado
DAV/CAEG;DIVISÃO DE AVALIAÇÃO;1422;Ativo
DAV/PLAD;DIVISÃO DE AVALIAÇÃO - PLAD;1685;Desativado
DBE/DAC;DIVISÃO DE BEM ESTAR COMUNITÁRIO;33;Em Desativação
DBES/DAS;DIVISÃO DE BEM ESTAR SOCIAL;;Desativado
DBE/CRL;DIVISÃO DE BENEFÍCIOS;1406;Ativo
DBI/CMA;DIVISÃO DE BENS IMÓVEIS;1320;Desativado
DBM/CMA;DIVISÃO DE BENS MÓVEIS;1319;Desativado
DB/NDC;DIVISÃO DE BIBLIOTECAS;859;Desativado
DBO/CRBA;DIVISÃO DE BOLSAS DE EXTENSÃO;1770;Ativo
DCA/DAP;DIVISÃO DE CADASTRO E ADMISSÃO;8;Desativado
DCM/DP;DIVISÃO DE CADASTRO E MOVIMENTAÇÃO;;Desativado
DCD/CPD;DIVISÃO DE CAPACITAÇÃO DE DOCENTE;0;Desativado
DCQ/CPTA;DIVISÃO DE CAPACITAÇÃO E QUALIFICAÇÃO;1380;Desativado
DCQD/CPD;DIVISÃO DE CAPACITAÇÃO E QUALIFICAÇÃO DOCENTE;1394;Desativado
DCIN/CAR;DIVISÃO DE CINEMA;1744;Ativo
DCS/EDUFF;DIVISÃO DE COMERCIALIZAÇÃO E SERVIÇOS;1819;Ativo
DCOM/CMAT;DIVISÃO DE COMPRAS;2336;Ativo
DCO/CAF;DIVISÃO DE COMPRAS E ORÇAMENTO;1709;Ativo
DCI;DIVISÃO DE COMPRAS INTERNACIONAIS;949;Desativado
DCN;DIVISÃO DE COMPRAS NACIONAIS;944;Desativado
DCE/CPP;DIVISÃO DE COMUNICAÇÃO E EVENTOS;0;Desativado
DCEL/CCOM;DIVISÃO DE COMUNICAÇÃO ELETRÔNICA;1494;Desativado
DCI/CCS;DIVISÃO DE COMUNICAÇÃO INSTITUCIONAL;2004;Ativo
DCL/GEF;DIVISÃO DE CONFERÊNCIA E LIQUIDAÇÃO;1198;Desativado
DCL/COFIN;DIVISÃO DE CONFERÊNCIA E LIQUIDAÇÃO ;1697;Ativo
DC/DCF;DIVISÃO DE CONTABILIDADE;144;Desativado
DCC/GCC;DIVISÃO DE CONTAS E CONTRATOS;1203;Desativado
DCC/CMC;DIVISÃO DE CONTAS E CONTRATOS ;1348;Desativado
DCONT/CCON;DIVISÃO DE CONTRATOS;2333;Ativo
DCB/PLAP;DIVISÃO DE CONTRATOS BIPARTITES;1688;Ativo
DCA/DP;DIVISÃO DE CONTROLE DE ADMISSÃO;;Desativado
DCCD/DAE;DIVISÃO DE CONTROLE DE CERTIFICADOS E DIPLOMAS;1615;Ativo
DCC;DIVISÃO DE CONTROLE DE CONTAS E CONTRATOS;951;Desativado
DCCS/CCONT;DIVISÃO DE CONTROLE DE CONTRATOS E CONCESSÕES DE SUPRIMENTO DE FUNDOS;1703;Ativo
DCD/CCONT;DIVISÃO DE CONTROLE DE DESCENTRALIZAÇÕES;1704;Ativo
DCD/DAP;DIVISÃO DE CONTROLE DE DESPESA COM PESSOAL;0;Desativado
DCD/DP*;DIVISÃO DE CONTROLE DE DESPESA COM PESSOAL - DP;;Desativado
DCQ/LU;DIVISÃO DE CONTROLE DE QUALIDADE;408;Desativado
DCO/PLOR;DIVISÃO DE CONTROLE ORÇAMENTÁRIO;1680;Ativo
DCP/CAP;DIVISÃO DE CONTROLE PATRIMONIAL;1316;Desativado
DCO/AARI;DIVISÃO DE CONVÊNIOS;0;Desativado
DCON/CCAI;DIVISÃO DE CONVÊNIOS;1894;Ativo
DCO/DRI;DIVISÃO DE CONVÊNIOS  ;1445;Desativado
DCGR/CCOM;DIVISÃO DE CRIAÇÃO GRÁFICA;1491;Desativado
DDC/CEAD;DIVISÃO DE DESENVOLVIMENTO DE CURSOS;1619;Desativado
DDP/NAV;DIVISÃO DE DESENVOLVIMENTO DE PROJETOS;78;Desativado
DDP/CEA;DIVISÃO DE DESENVOLVIMENTO DE PROJETOS;2323;Ativo
DDP/CPR;DIVISÃO DE DESENVOLVIMENTO DE PROJETOS ;0;Desativado
DDP/CARQ;DIVISÃO DE DESENVOLVIMENTO DE PROJETOS DA CARQ;1363;Desativado
DDRH/DP;DIVISÃO DE DESENVOLVIMENTO DE RECURSOS HUMANOS;;Desativado
DDS/GDES;DIVISÃO DE DESENVOLVIMENTO DE SISTEMAS;181;Desativado
DM/EDUFF;DIVISÃO DE DESENVOLVIMENTO DO MERCADO;111;Desativado
DD/NDC;DIVISÃO DE DESENVOLVIMENTO DO NDC;858;Desativado
DD/NPD;DIVISÃO DE DESENVOLVIMENTO DO NPD;0;Desativado
DDA/EGGP;DIVISÃO DE DESENVOLVIMENTO E ARTICULAÇÃO INSTITUCIONAL;2280;Desativado
DDR/EXT;DIVISÃO DE DESENVOLVIMENTO REGIONAL;1780;Desativado
DDD/CDD;DIVISÃO DE DIFUSÃO E DIVULGAÇÃO DA EXTENSÃO;1768;Ativo
DDC/DAE;DIVISÃO DE DIPLOMAS E CERTIFICADOS;215;Desativado
DDV/DAP;DIVISÃO DE DIREITOS E VANTAGENS;15;Em Desativação
DDV/CRL;DIVISÃO DE DIREITOS E VANTAGENS ;1404;Ativo
DEC/CLI;DIVISÃO DE EDITAL E CONTRATOS;1354;Desativado
DEC/EDUFF;DIVISÃO DE EDITORAÇÃO E COMUNICAÇÃO;1735;Ativo
DE/EDUFF;DIVISÃO DE EDITORAÇÃO E PRODUÇÃO;114;Em Desativação
DEM/GOC;DIVISÃO DE EMPENHO;1197;Desativado
DEN;DIVISÃO DE ENGENHARIA;936;Desativado
DEF/GEF;DIVISÃO DE ENGENHARIA E FISCALIZAÇÃO;0;Desativado
DEF/GMI;DIVISÃO DE ENGENHARIA E FISCALIZAÇÃO/GMI;0;Desativado
DEPH/SUEP;DIVISÃO DE ENGENHARIA E PROJETOS DO HUAP;0;Desativado
DES/CPP;DIVISÃO DE ESTÁGIO;0;Desativado
DES/CGDA;DIVISÃO DE ESTÁGIO ;1419;Ativo
DEORG/PLAD;DIVISÃO DE ESTRUTURAÇÃO ORGANIZACIONAL;1683;Ativo
DEST/CTV;DIVISÃO DE ESTÚDIO;1489;Desativado
DEP;DIVISÃO DE ESTUDOS E PROJETOS;924;Desativado
DEF/CAF;DIVISÃO DE EXECUÇÃO FINANCEIRA;1338;Desativado
DEF/COFIN;DIVISÃO DE EXECUÇÃO FINANCEIRA ;1699;Ativo
DEO/COFIN;DIVISÃO DE EXECUÇÃO ORÇAMENTÁRIA ;1696;Ativo
DEX/CTV;DIVISÃO DE EXIBIÇÃO;1488;Desativado
DFO/CEN*;DIVISÃO DE FISCALIZAÇÃO DE OBRAS;0;Desativado
DFO/CEA;DIVISÃO DE FISCALIZAÇÃO DE OBRAS;2322;Ativo
DFO/CEN;DIVISÃO DE FISCALIZAÇÃO DE OBRAS ;1361;Desativado
DFOM/CDFE;DIVISÃO DE FOMENTO;1767;Desativado
DFT/HU;DIVISÃO DE FORMAÇÃO TÉCNICA;1670;Desativado
DGIAD/PGI;DIVISÃO DE GESTÃO DA INFORMAÇÃO ADMINISTRATIVA;1677;Desativado
DGD/CPTA;DIVISÃO DE GESTÃO DE DESEMPENHO;1383;Ativo
DGDD/CPD;DIVISÃO DE GESTÃO DE DESEMPENHO DOCENTE;1601;Desativado
DGL/CPTA;DIVISÃO DE GESTÃO DE LOTAÇÃO;1386;Ativo
DGL/CPD;DIVISÃO DE GESTÃO DE LOTAÇÃO DE PESSOAL DOCENTE;0;Desativado
DGLD/CPD;DIVISÃO DE GESTÃO DE LOTAÇÃO DOCENTE;1391;Ativo
DGR/CCS;DIVISÃO DE GESTÃO DE RELACIONAMENTOS;2007;Desativado
DGF/CCON;DIVISÃO DE GESTÃO E FISCALIZAÇÃO;2332;Ativo
DIM/CPIM;DIVISÃO DE IMAGEM;1496;Desativado
DIG/CMC;DIVISÃO DE IMPRESSÃO GRÁFICA;;Desativado
DIE/AGIR;DIVISÃO DE INCUBADORA DE EMPRESAS;1726;Ativo
DIE/AGIR;DIVISÃO DE INCUBADORA DE EMPRESAS;1729;Desativado
DIGE/PGI;DIVISÃO DE INFORMAÇÕES GERENCIAIS;1676;Ativo
DI/COSEAC;DIVISÃO DE INFORMÁTICA;1426;Ativo
DIEP/CIAC;DIVISÃO DE INTEGRAÇÃO COM O ENSINO E A PESQUISA;1776;Ativo
DIAI/CIAC;DIVISÃO DE INTEGRAÇÃO DE AÇÕES INTERESTADUAIS;1777;Desativado
DJOR/CCOM;DIVISÃO DE JORNALISMO;1493;Desativado
DLN/DP;DIVISÃO DE LEGISLAÇÃO E NORMAS;;Desativado
DLN/DP*;DIVISÃO DE LEGISLAÇÃO E NORMAS - DP;;Desativado
DMBI/CMA;DIVISÃO DE MANUTENÇÃO DE BENS IMÓVEIS;2309;Ativo
DBI/PREF;DIVISÃO DE MANUTENÇÃO DE BENS IMÓVEIS;875;Desativado
DMI/GMI;DIVISÃO DE MANUTENÇÃO DE BENS IMÓVEIS ;0;Desativado
DMBM/CMA;DIVISÃO DE MANUTENÇÃO DE BENS MÓVEIS;2308;Ativo
DBM/PREF;DIVISÃO DE MANUTENÇÃO DE BENS MÓVEIS;874;Desativado
DMI;DIVISÃO DE MANUTENÇÃO DE IMÓVEIS;926;Desativado
DM/DSG;DIVISÃO DE MATERIAL;153;Desativado
DMA/CMC;DIVISÃO DE MATERIAL ;1343;Desativado
DMD/CCS;DIVISÃO DE MÍDIAS DIGITAIS;2008;Ativo
DMOB/CMP;DIVISÃO DE MOBILIDADE;1899;Ativo
DMO/AARI;DIVISÃO DE MOBILIDADE;0;Desativado
DMO/DRI;DIVISÃO DE MOBILIDADE  ;1447;Desativado
DMO/CPP;DIVISÃO DE MONITORIA;0;Desativado
DMO/CGDA;DIVISÃO DE MONITORIA ;1418;Ativo
DME/CGMRU;DIVISÃO DE MORADIA ESTUDANTIL;1303;Desativado
DMAD/DP;DIVISÃO DE MOVIMENTAÇÃO E AVALIAÇÃO;;Desativado
DMC/CMU;DIVISÃO DE MÚSICA DE CÂMARA E INICIAÇÃO MUSICAL;1750;Ativo
DMS/CMU;DIVISÃO DE MÚSICA SINFÔNICA;1748;Ativo
DO/PREF;DIVISÃO DE OBRAS DA GERÊNCIA DE PROJETOS E OBRAS;872;Desativado
DO/NPD;DIVISÃO DE OPERAÇÕES;0;Desativado
DOCP/COF;DIVISÃO DE OPERAÇÕES E CONTROLE PATRIMONIAL;1415;Ativo
DOC/CAF;DIVISÃO DE ORÇAMENTO E CONTROLE;1335;Desativado
DOM/NPD;DIVISÃO DE ORGANIZAÇÃO E MÉTODOS;;Desativado
DOA/DAS;DIVISÃO DE ORIENTAÇÃO ALIMENTAR;;Desativado
DPG/GEF;DIVISÃO DE PAGAMENTO;1199;Desativado
DPIP/CCPP;DIVISÃO DE PAGAMENTO DE INATIVOS E PENSIONISTAS;14;Em Desativação
DPPHU/DAP;DIVISÃO DE PAGAMENTO DE PESSOAL DO HUAP;1082;Ativo
DPAP/CCPP;DIVISÃO DE PAGAMENTOS DE APOSENTADOS E PENSIONISTAS;2282;Ativo
DPA/CCPP;DIVISÃO DE PAGAMENTOS DE ATIVOS;12;Ativo
DPI/CAP;DIVISÃO DE PATRIMÔNIO IMÓVEL;2325;Ativo
DPM/CAP;DIVISÃO DE PATRIMÔNIO MÓVEL;2326;Ativo
DPS/CASQ;DIVISÃO DE PERÍCIA EM SAÚDE;1371;Ativo
DPM/DP;DIVISÃO DE PERÍCIAS MÉDICAS;;Desativado
DP/NAV;DIVISÃO DE PESQUISA;;Desativado
DPC/HU;DIVISÃO DE PESQUISA CLÍNICA;1668;Desativado
DPO/PLOR;DIVISÃO DE PLANEJAMENTO ORÇAMENTÁRIO;1679;Ativo
DREGS/SEPAD;"Divisão de Políticas sobre Relações Étnico-Raciais; Gêneros e Sexualidades";2355;Ativo
DPLS/CPLS;DIVISÃO DE PÓS-GRADUAÇÃO LATO SENSU;1719;Ativo
DPSS/CPSS;DIVISÃO DE PÓS-GRADUAÇÃO STRICTO SENSU;1717;Ativo
DPS/CAP;DIVISÃO DE PRESERVAÇÃO E SUSTENTABILIDADE;1317;Desativado
DP/LU;DIVISÃO DE PRODUÇÃO DO LURA;411;Desativado
DP/NPD;DIVISÃO DE PRODUÇÃO DO NPD;0;Desativado
DPR/CTV;DIVISÃO DE PROGRAMAÇÃO;1487;Desativado
DPR/CPP;DIVISÃO DE PROGRAMAS;1417;Ativo
DPE/CGME;DIVISÃO DE PROGRAMAS ESPECIAIS;1945;Desativado
DPS/CAS;DIVISÃO DE PROGRAMAS SOCIAIS;1290;Ativo
DEP/GPA;DIVISÃO DE PROJETOS;;Desativado
DP/PREF;DIVISÃO DE PROJETOS DA GERÊNCIA DE PROJETOS E OBRAS;873;Desativado
DPE/CMP;DIVISÃO DE PROJETOS EDUCACIONAIS;1898;Ativo
DPE/CGDA;DIVISÃO DE PROJETOS ESPECIAIS;1420;Ativo
DPE/AARI;DIVISÃO DE PROJETOS ESPECIAIS;0;Desativado
DPE/DRI;DIVISÃO DE PROJETOS ESPECIAIS  ;1446;Desativado
DPVS/CASQ;DIVISÃO DE PROMOÇÃO E VIGILÂNCIA EM SAÚDE;1372;Ativo
DPP/DDC;DIVISÃO DE PROPAGANDA E PUBLICIDADE;59;Desativado
DPP/DDC*;DIVISÃO DE PROPAGANDA E PUBLICIDADE - DDC;;Desativado
DQDS/CDS;DIVISÃO DE QUALIDADE DE DADOS E SISTEMAS;1526;Ativo
DRPRH/DDRH;DIVISAO DE RECRUTAMENTO E PLANEJAMENTO DE RECURSOS HUMANOS;20;Em Desativação
DRL/DAE;DIVISÃO DE REFERÊNCIA LEGISLATIVA;846;Desativado
DRC/CCONT;DIVISÃO DE REGISTRO CONTÁBIL ;1702;Ativo
DRAD/DAE;DIVISÃO DE REGISTRO E ACOMPANHAMENTO DE DISCENTES;1616;Ativo
DRC/CRBA;DIVISÃO DE REGISTRO E CERTIFICAÇÕES DE AÇÕES DE EXTENSÃO;1771;Ativo
DRI/CCI;DIVISÃO DE RELAÇÕES INTERINSTITUCIONAIS;2009;Ativo
DRPU/CCOM;DIVISÃO DE RELAÇÕES PÚBLICAS;1492;Desativado
DIR/HU;DIVISÃO DE RESIDÊNCIA;1665;Desativado
DSO/DDRH;DIVISÃO DE SAÚDE OCUPACIONAL;27;Em Desativação
DSEG/CTLS;DIVISÃO DE SEGURANÇA;1331;Ativo
DSL/CTS*;DIVISÃO DE SEGURANÇA E LOGÍSTICA;2314;Desativado
DSR/DDRH;"DIVISÃO DE SELEÇÃO; REMOÇÃO E AVALIAÇÃO DE CARGOS";;Desativado
DSS/CAS;DIVISÃO DE SERVIÇO SOCIAL;1288;Ativo
DSA;DIVISÃO DE SERVIÇOS AUXILIARES DA CMAC;954;Desativado
DSA/DSG;DIVISÃO DE SERVIÇOS AUXILIARES DO DSG;159;Desativado
DSI/NDC;DIVISÃO DE SERVIÇOS INFORMATIVOS;;Desativado
DSMV/HUVET;DIVISÃO DE SERVIÇOS MÉDICO-VETERINÁRIOS;2148;Desativado
DST/NDC;DIVISÃO DE SERVIÇOS TÉCNICOS;;Desativado
DSI/GDES;DIVISÃO DE SISTEMAS DE INFORMAÇÕES;990;Desativado
DSB/GTEC;DIVISÃO DE SOFTWARE BÁSICO;192;Desativado
DSBA/CTE;DIVISÃO DE SOFTWARE BÁSICO ;1509;Desativado
DSR;DIVISÃO DE SUPORTE A REDE;868;Desativado
DSRE/CTE;DIVISÃO DE SUPORTE À REDE ;1513;Ativo
DTE;DIVISÃO DE TEATRO;0;Desativado
DTEA/CAR;DIVISÃO DE TEATRO ;1745;Ativo
DTI/VCX;DIVISÃO DE TECNOLOGIA DA INFORMAÇÃO;1891;Ativo
DTI/CIAC;DIVISÃO DE TECNOLOGIA E INFORMAÇÃO;1758;Ativo
DTE/GTEC;DIVISÃO DE TELEFONIA;991;Desativado
DTEL/CTE;DIVISÃO DE TELEFONIA ;1519;Ativo
DTC/AGIR;DIVISÃO DE TRANSFERÊNCIA DE CONHECIMENTO;1728;Desativado
DTT/AGIR;DIVISÃO DE TRANSFERÊNCIA DO CONHECIMENTO E TECNOLOGIAS SOCIAIS;1727;Ativo
DTR/CTSL*;DIVISÃO DE TRANSPORTE;2311;Desativado
DTR/CTSL;DIVISÃO DE TRANSPORTE;1327;Ativo
DTA/DAS;DIVISÃO DE TREINAMENTO E APERFEIÇOAMENTO;;Desativado
DTA/DDRH;DIVISÃO DE TREINAMENTO E AVALIAÇÃO;24;Desativado
DPR/PLAD;DIVISÃO DO PDI/REUNI;1686;Desativado
DFCP/CAF;"DIVISÃO FINANCEIRA; CONTÁBIL E DE PATRIMÔNIO";1712;Ativo
DOS/CSG;DIVISÃO OFF-SET;1209;Desativado
DO/GSO;DIVISÃO OPERACIONAL;1202;Desativado
DOP/CEAD;DIVISÃO OPERACIONAL - CEAD;1620;Desativado
DOP/PLAP;DIVISÃO OPERACIONAL - PLAP;1689;Desativado
DPO/AIN;DIVISÃO OPERACIONAL DA ASSESSORIA DE INTERIORIZAÇÃO;1440;Desativado
DOFI/CAF;DIVISÃO ORÇAMENTÁRIA E FINANCEIRA;2328;Ativo
DPA/DSG;DIVISÃO PATRIMONIAL;173;Desativado
DT/NPD;DIVISÃO TÉCNICA;0;Desativado
DTM/DSG;DIVISÃO TÉCNICA DE MANUTENÇÃO;169;Desativado
DAA/GOC;DIVISÃOO DE ANÁLISE E ARQUIVO;1200;Desativado
EDUFF/GAR;EDITORA UNIVERSITÁRIA ;1730;Ativo
EOT/NPD;EQUIPE DE OPERAÇÕES E TELEPROCESSAMENTO;;Desativado
TCA;ESCOLA DE ARQUITETURA E URBANISMO;776;Ativo
CME;ESCOLA DE ENFERMAGEM AURORA DE AFONSO COSTA;325;Ativo
TCE;ESCOLA DE ENGENHARIA;783;Ativo
PEP;ESCOLA DE ENGENHARIA DE PETRÓPOLIS;1995;Ativo
VEI;ESCOLA DE ENGENHARIA INDUSTRIAL E METALÚRGICA DE VOLTA REDONDA;799;Ativo
TCM;ESCOLA DE ENGENHARIA INDUSTRIAL METALÚRGICA DE VOLTA REDONDA;0;Desativado
EXTUFF;ESCOLA DE EXTENSÃO;1778;Em Desativação
EGGP/GEPE;ESCOLA DE GOVERNANÇA EM GESTÃO PÚBLICA;2279;Ativo
ESS;ESCOLA DE SERVIÇO SOCIAL;688;Ativo
ETC;ESCRITÓRIO TÉCNICO DO CAMPUS;119;Desativado
EST;FACULDADE DE ADMINISTRAÇÃO E CIÊNCIAS CONTÁBEIS ;720;Ativo
ESD;FACULDADE DE DIREITO;693;Ativo
ESC;FACULDADE DE ECONOMIA;716;Ativo
ESA;FACULDADE DE ECONOMIA E ADMINISTRAÇÃO;;Desativado
ESE;FACULDADE DE EDUCAÇÃO;702;Ativo
CMF;FACULDADE DE FARMÁCIA;335;Ativo
CMM;FACULDADE DE MEDICINA;345;Ativo
CMN;FACULDADE DE NUTRIÇÃO EMILIA DE JESUS FERREIRO;388;Ativo
CMO;FACULDADE DE ODONTOLOGIA;360;Ativo
FONF;FACULDADE DE ODONTOLOGIA DE NOVA FRIBURGO;1191;Desativado
FTH;FACULDADE DE TURISMO E HOTELARIA;1936;Ativo
CMV;FACULDADE DE VETERINÁRIA;367;Ativo
RFR;FACULDADE FEDERAL DE RIO DAS OSTRAS;1027;Em Desativação
FAU/CMF;FARMÁCIA UNIVERSITÁRIA;344;Ativo
GAR/RET;GABINETE DO REITOR;1787;Ativo
GAR;GABINETE DO REITOR;44;Em Desativação
GABR;GABINETE DO REITOR  ;1433;Desativado
GAVR;GABINETE DO VICE REITOR;0;Desativado
GABVR;GABINETE DO VICE-REITOR;1455;Desativado
GP/UNITV;GERÊNCIA  DE PRODUÇÃO DO CANAL UNIVERSITÁRIO DE NITERÓI;0;Desativado
GAD;GERÊNCIA ADMINISTRATIVA;0;Desativado
GPUCG;GERÊNCIA ADMINISTRATIVA  DO PÓLO UNIVERSITÁRIO DE CAMPOS DOS GOYTACAZES;1407;Em Desativação
GPURO;GERÊNCIA ADMINISTRATIVA DO PÓLO UNIVERSITÁRIO DE RIO DAS OSTRAS;1019;Desativado
GPUVR;GERÊNCIA ADMINISTRATIVA DO PÓLO UNIVERSITÁRIO DE VOLTA REDONDA;1052;Em Desativação
GAD/CAP;GERÊNCIA ADMINISTRATIVA/CAP;0;Desativado
GAD/PREF;GERÊNCIA DE ADMINISTRAÇÃO;881;Desativado
GA/NDC;GERÊNCIA DE ARQUIVOS DO NÚCLEO DE DOCUMENTAÇÃO;;Desativado
GCA/AD;GERÊNCIA DE COMUNICAÇÕES ADMINISTRATIVAS;0;Desativado
GCC/CMAC;GERÊNCIA DE CONTAS E CONTRATOS;1188;Desativado
GCP/CAEP;GERÊNCIA DE CONTROLE PATRIMONIAL;937;Desativado
GCP/CAP;GERÊNCIA DE CONTROLE PATRIMONIAL- CAP;0;Desativado
GCA/DAC;GERÊNCIA DE COORDENAÇÃO ALIMENTAR;37;Em Desativação
GDNT/STI;GERÊNCIA DE DESENVOLVIMENTO DE NOVAS TECNOLOGIAS;2075;Ativo
GDES/NTI;GERÊNCIA DE DESENVOLVIMENTO DE SISTEMAS;179;Desativado
GDI/STI;GERÊNCIA DE DESENVOLVIMENTO INSTITUCIONAL;1501;Desativado
GEF/CEA;GERÊNCIA DE ENGENHAIA E FISCALIZAÇÃO - CEA;0;Desativado
GEM/CAEP;GERÊNCIA DE ENGENHARIA E MANUTENÇÃO;925;Desativado
GEF/CAFI;GERÊNCIA DE EXECUÇÃO FINANCEIRA;1190;Desativado
GGPU/UNI;GERÊNCIA DE GESTÃO E PERMISSÃO DE USO;1313;Desativado
GGSI/STI;GERÊNCIA DE GOVERNANÇA E SEGURANÇA DA INFORMAÇÃO;2076;Ativo
GM/PREF;GERÊNCIA DE MANUTENÇÃO;133;Desativado
GMI/CEA;GERÊNCIA DE MANUTENÇÃO DE BENS IMÓVEIS;0;Desativado
GMT/CMAC;GERÊNCIA DE MATERIAL;943;Desativado
GMA/UNI;GERÊNCIA DE MEIO AMBIENTE;1314;Desativado
GOT/PLAN;GERÊNCIA DE OPERACIONAL DE TECNOLOGIA - PROPLAN;1674;Desativado
GOF/INF;GERÊNCIA DE ORÇAMENTO E FINANÇAS DO INF;1930;Ativo
GPP/INF;GERÊNCIA DE PATRIMÔNIO E PROTOCOLO DO INF;1931;Ativo
GPL/HU;GERÊNCIA DE PLANEJAMENTO;1629;Desativado
GPG/INF;GERÊNCIA DE PLANEJAMENTO E GESTÃO DE PESSOAS DO INF;1929;Ativo
GPD/GEPE;GERÊNCIA DE PROCEDIMENTOS DISCIPLINARES;1600;Em Desativação
GPV/DDC;GERÊNCIA DE PROGRAMAÇÃO VISUAL;851;Desativado
GPA/CAEP;GERÊNCIA DE PROJETOS E AVALIAÇÃO;923;Desativado
GPA/CEA;GERÊNCIA DE PROJETOS E AVALIAÇÕES;0;Desativado
GPO/PREF;GERÊNCIA DE PROJETOS E OBRAS;134;Desativado
GPO/HU;GERÊNCIA DE PROJETOS E OBRAS - HUAP;1631;Desativado
GRE/STI;GERÊNCIA DE RELACIONAMENTO EXTERNO;1504;Ativo
GSO/CMAC;GERÊNCIA DE SERVIÇOS OPERACIONAIS;950;Desativado
GSE/HU;GERÊNCIA DE SUPERVISÃO DE ENFERMAGEM;1649;Desativado
GTI/HU;GERÊNCIA DE TECNOLOGIA DA INFORMAÇÃO;1628;Desativado
GTI/INF;GERÊNCIA DE TECNOLOGIA DA INFORMAÇÃO DO INF;2290;Ativo
GOA/INF;GERÊNCIA OPERACIONAL ADMINISTRATIVA DO INF;1932;Ativo
GOAF/ART;GERÊNCIA OPERACIONAL ADMINISTRATIVA E FINANCEIRA;1740;Ativo
GOUD/GEPE;GERÊNCIA OPERACIONAL DAS UNIDADES DESCENTRALIZADAS;1369;Desativado
GOC/SUEP;GERÊNCIA OPERACIONAL DE CONTRATOS;0;Desativado
GOC/SAEP;GERÊNCIA OPERACIONAL DE CONTRATOS;2320;Ativo
GOC/SAEN;GERÊNCIA OPERACIONAL DE CONTRATOS ;1359;Desativado
GOPC/ART;GERÊNCIA OPERACIONAL DE PRODUÇÃO CULTURAL E COMUNICAÇÃO;1739;Ativo
GOT/EDUFF;GERÊNCIA OPERACIONAL DE TECNOLOGIA - EDUFF;1732;Desativado
GOT/PPI;GERÊNCIA OPERACIONAL DE TECNOLOGIA - PROPPI;1714;Desativado
GOT/SDC;GERÊNCIA OPERACIONAL DE TECNOLOGIA - SDC;1559;Desativado
GOF/STI;GERÊNCIA OPERACIONAL FINANCEIRA DO STI;1500;Ativo
GOC/CAFI;GERÊNCIA ORÇAMENTÁRIA E DE CONTROLE;1189;Desativado
GPCA/AD;GERÊNCIA PLENA DE COMUNICAÇÕES ADMINISTRATIVAS-PROTOCOLO CENTRAL;1900;Ativo
GPF/AES;GERÊNCIA PLENA FINANCEIRA;1284;Ativo
GPF/EX;GERÊNCIA PLENA FINANCEIRA - PROEX;1757;Em Desativação
GPF/GEPE;GERÊNCIA PLENA FINANCEIRA DA PROGEPE;1368;Desativado
GTEC/NTI;GERÊNCIA TÉCNICA;180;Desativado
GRAUNI/AD;GRÁFICA UNIVERSITÁRIA;1355;Desativado
HUAP*;HOSPITAL UNIVERSITÁRIO ANTÔNIO PEDRO;416;Ativo
HUAP;HOSPITAL UNIVERSITÁRIO ANTONIO PEDRO ;1399;Ativo
HUVET;HOSPITAL UNIVERSITÁRIO DE MEDICINA VETERINÁRIA PROFESSOR FIRMINO MÁRSICO FILHO;2146;Ativo
NIU;IMPRENSA UNIVERSITÁRIA;63;Em Desativação
INE;INCUBADORA DE EMPRESAS DA UFF;1220;Desativado
CMB;INSTITUTO BIOMÉDICO;379;Ativo
EGA;INSTITUTO DE ARTE E COMUNICAÇÃO SOCIAL;565;Ativo
EGB;INSTITUTO DE BIOLOGIA;576;Ativo
RIC;INSTITUTO DE CIÊNCIA E TECNOLOGIA - RIO DAS OSTRAS;1554;Ativo
ICM;INSTITUTO DE CIÊNCIAS DA SOCIEDADE - MACAÉ ;1949;Ativo
ESR;INSTITUTO DE CIÊNCIAS DA SOCIEDADE E DESENVOLVIMENTO REGIONAL;821;Ativo
VCX;INSTITUTO DE CIÊNCIAS EXATAS DE VOLTA REDONDA;1249;Ativo
EGH;INSTITUTO DE CIÊNCIAS HUMANAS E FILOSOFIA;589;Ativo
VCH;INSTITUTO DE CIÊNCIAS HUMANAS E SOCIAIS DE VOLTA DE REDONDA ;1073;Ativo
TIC;INSTITUTO DE COMPUTAÇÃO;806;Ativo
IEAR;INSTITUTO DE EDUCAÇÃO DE ANGRA DOS REIS;1216;Ativo
IEF;INSTITUTO DE EDUCAÇÃO FÍSICA;1134;Ativo
IAC;INSTITUTO DE ESTUDOS COMPARADOS EM ADMINISTRAÇÃO DE CONFLITOS ;2104;Ativo
IET;INSTITUTO DE ESTUDOS ESTRATÉGICOS;1794;Ativo
EGF;INSTITUTO DE FÍSICA;606;Ativo
EGG;INSTITUTO DE GEOCIÊNCIAS;611;Ativo
IHT;INSTITUTO DE HISTÓRIA;2093;Ativo
RHS;INSTITUTO DE HUMANIDADES E SAÚDE - RIO DAS OSTRAS;1793;Ativo
EGL;INSTITUTO DE LETRAS;620;Ativo
EGM;INSTITUTO DE MATEMÁTICA;0;Desativado
IME;INSTITUTO DE MATEMÁTICA E ESTATÍSTICA;631;Ativo
IPS;INSTITUTO DE PSICOLOGIA;1963;Ativo
EGQ;INSTITUTO DE QUÍMICA;643;Ativo
ISC;INSTITUTO DE SAÚDE COLETIVA;1973;Ativo
CMS;INSTITUTO DE SAÚDE DA COMUNIDADE;395;Desativado
ISNF;INSTITUTO DE SAÚDE DE NOVA FRIBURGO;2088;Ativo
INF;INSTITUTO DO NOROESTE FLUMINENSE DE EDUCAÇÃO SUPERIOR - PÁDUA;1234;Ativo
LC/PURO;LABORATÓRIO DE COMPUTAÇÃO PARA ALUNOS;1025;Desativado
LACORD;LABORATORIO DE CONSERVAÇÃO E RESTAURAÇÃO DE DOCUMENTOS;1595;Desativado
LCR/NDC;LABORATÓRIO DE CONSERVAÇÃO E RESTAURAÇÃO DE DOCUMENTOS DA DIVISÃO DE ARQUIVOS;95;Desativado
LH/PROEX;LABORATORIO DE HIALOTECNIA;1432;Desativado
LABHIAL;LABORATÓRIO DE HIALOTECNIA ;1764;Desativado
LARE;LABORATÓRIO DE REPROGRAFIA;1596;Desativado
LAHVI;LABORATÓRIO HORTO-VIVEIRO;582;Ativo
LBR/NDC;LABORATÓRIO REPROGRÁFICO;91;Desativado
LR/NDC;LABORATÓRIO REPROGRÁFICO - DSI/NDC;;Desativado
LURA/EX;LABORATÓRIO UNIVERSITÁRIO;1786;Desativado
LURA/PROEX;LABORATÓRIO UNIVERSITÁRIO RODOLPHO ALBINO;406;Desativado
LID/DP;LOTAÇÃO INATIVO/DOCENTE;;Desativado
LIT/DP;LOTAÇÃO INATIVO/TÉCNICO;;Desativado
LPD/DP;LOTAÇÃO PENSIONISTAS/DOCENTE;;Desativado
LPT/DP;LOTAÇÃO PENSIONISTAS/TÉCNICO;;Desativado
NNN;NNN;0;Desativado
NCA/PREF;NÚCLEO A DA DIVISÃO DE MANUTENÇÃO DE BENS IMÓVEIS;876;Desativado
NAV;NÚCLEO AUDIOVISUAL;70;Desativado
NCB/PREF;NÚCLEO B DA DIVISÃO DE MANUTENÇÃO DE BENS IMÓVEIS;877;Desativado
NCC/PREF;NÚCLEO C DA DIVISÃO DE MANUTENÇÃO DE BENS IMÓVEIS;878;Desativado
NCD/PREF;NÚCLEO D DA DIVISÃO DE MANUTENÇÃO DE BENS IMÓVEIS;879;Desativado
NAIS;NÚCLEO DE ACESSIBILIDADE E INCLUSÃO - SENSIBILIZA /UFF;1215;Desativado
NAIS*;NÚCLEO DE ACESSIBILIDADE E INCLUSÃO-SENSIBILIZA /UFF;0;Desativado
NAT;NÚCLEO DE ASSISTÊNCIA TÉCNICA;118;Desativado
NUCS/GAR;NÚCLEO DE COMUNICAÇÃO SOCIAL;50;Desativado
NDC;NÚCLEO DE DOCUMENTAÇÃO;88;Desativado
NEAMI;NÚCLEO DE EDUCAÇÃO ASSISTIDA POR MEIOS INTERATIVOS;1238;Desativado
NUEC*;NÚCLEO DE EDUCAÇÃO E CIDADANIA;235;Desativado
NUEC;NÚCLEO DE EDUCAÇÃO E CIDADANIA ;1762;Ativo
NEPEAC;"NÚCLEO DE ENSINO; PESQUISA E EXTENSÃO DE ADMINISTRAÇÃO INSTITUCIONAL DE CONFLITOS";2168;Ativo
NES/AARI;NÚCLEO DE ESTUDOS;0;Desativado
NES/DRI;NÚCLEO DE ESTUDOS ;1444;Desativado
NEPHU;NÚCLEO DE ESTUDOS E PROJETOS HABITACIONAIS E URBANOS;1761;Ativo
NAB;NÚCLEO DE ESTUDOS EM BIOMASSA E GERENCIAMENTO DE ÁGUA;1999;Ativo
NEICT;"NÚCLEO DE ESTUDOS EM INOVAÇÃO; CONHECIMENTO E TRABALHO";1765;Ativo
NEES;NÚCLEO DE ESTUDOS EMPRESARIAIS E SOCIAIS;;Desativado
NET;NÚCLEO DE ESTUDOS ESTRATÉGICOS;1832;Ativo
NLGS/DDC;NÚCLEO DE ESTUDOS LEUNA GUIMARÃES SANTOS;57;Desativado
NITS;"NÚCLEO DE INOVAÇÃO; TECNOLOGIA E SUSTENTABILIDADE";;Ativo
LOGIS;NÚCLEO DE LOGÍSTICA INTEGRADA E SISTEMAS;901;Ativo
NM01;NÚCLEO DE MANUTENÇÃO 01 - REITORIA;927;Desativado
NM02;NÚCLEO DE MANUTENÇÃO 02 - VALONGUINHO;928;Desativado
NM03;NÚCLEO DE MANUTENÇÃO 03 - VETERINÁRIA E FARMÁCIA;929;Desativado
NM4/DMI;NÚCLEO DE MANUTENÇÃO 04 - GRAGOATÁ;930;Desativado
NM05;NÚCLEO DE MANUTENÇÃO 05 - UNIDADES DISPERSAS;931;Desativado
NM06;NÚCLEO DE MANUTENÇÃO 06 - ENFERMAGEM E MEDICINA;932;Desativado
NM07;NÚCLEO DE MANUTENÇÃO 07 - PRAIA VERMELHA;933;Desativado
NM08;NÚCLEO DE MANUTENÇÃO 08 - UNIDADES DO INTERIOR;934;Desativado
NM09;NÚCLEO DE MANUTENÇÃO 09 - REFRIGERAÇÃO;935;Desativado
NUPEJ;NÚCLEO DE PESQUISA E EXTENSÃO SOBRE CIÊNCIAS DO PODER JUDICIÁRIO;1239;Ativo
NPS/ESR;NÚCLEO DE PESQUISA EM SOCIEDADE E DESENVOLVIMENTO REGIONAL;906;Desativado
DATAUFF;"NÚCLEO DE PESQUISAS; INFORMAÇÕES E POLÍTICAS PÚBLICAS";1763;Ativo
NPD;NÚCLEO DE PROCESSAMENTO DE DADOS;0;Desativado
NTI;NÚCLEO DE TECNOLOGIA DA INFORMAÇÃO E COMUNICAÇÃO;176;Desativado
NCE/PREF;NÚCLEO E DA DIVISÃO DE MANUTENÇÃO DE BENS IMÓVEIS;880;Desativado
EDUFF;NÚCLEO EDITORA DA UFF;109;Em Desativação
NEIG/CMV;NÚCLEO EXPERIMENTAL DE IGUABA;369;Desativado
NIR/HU;NÚCLEO INTERNO DE REGULAÇÃO;1630;Desativado
OSN/DDC;ORQUESTRA SINFÔNICA NACIONAL;62;Desativado
OSN/CMU;ORQUESTRA SINFÔNICA NACIONAL ;1749;Desativado
OSN;ORQUESTRA SINFONICA NACIONAL DA UFF;981;Desativado
OUV/GAR;OUVIDORIA;1437;Ativo
OUV/HU;OUVIDORIA - HUAP;1626;Desativado
CDT/HUAP;PESSOAL CDT/HUAP;1080;Ativo
PDI;PLANO DE DESENVOLVIMENTO INSTITUCIONAL;1454;Desativado
PUCG;POLO UNIVERSITÁRIO DE CAMPOS DE GOYTACAZES;1231;Em Desativação
PUNF;POLO UNIVERSITÁRIO DE NOVA FRIBURGO;1168;Em Desativação
PURO;PÓLO UNIVERSITÁRIO DE RIO DAS OSTRAS;1014;Em Desativação
PUVR;PÓLO UNIVERSITÁRIO DE VOLTA REDONDA;1044;Em Desativação
PREF;PREFEITURA DO CAMPUS UNIVERSITÁRIO;131;Em Desativação
PREUNI;PREFEITURA UNIVERSITÁRIA;1310;Desativado
PROGER;PROCURADORIA GERAL;42;Ativo
REUNI;PROGRAMA DE APOIO DE REESTRUTURAÇÃO E EXPANSÃO DAS UNIVERSIDADES FEDERAIS;1452;Desativado
PAPES;PROGRAMA DE APOIO PEDAGÓGICO DE ENSINO SUPERIOR;714;Desativado
PATAE;PROGRAMA DE ASSISTÊNCIA TÉCNICA E ASSESSORIA  EMPRESARIAL;;Desativado
INFOC;PROGRAMA DE INFORMAÇÃO OCUPACIONAL;715;Desativado
PROAD;PRÓ-REITORIA DE ADMINISTRAÇÃO;1321;Ativo
PROAC;PRÓ-REITORIA DE ASSUNTOS ACADÊMICOS;195;Em Desativação
PROAES;PRÓ-REITORIA DE ASSUNTOS ESTUDANTIS;1281;Ativo
PROEX*;PRÓ-REITORIA DE EXTENSÃO;218;Desativado
PROEX;PRÓ-REITORIA DE EXTENSÃO ;1754;Ativo
PROGEPE;PRÓ-REITORIA DE GESTÃO DE PESSOAS;1365;Ativo
PROGRAD;PRÓ-REITORIA DE GRADUAÇÃO;1411;Ativo
PROPP;PRÓ-REITORIA DE PESQUISA E PÓS-GRADUAÇÃO;236;Desativado
PROPPI;"PRÓ-REITORIA DE PESQUISA; PÓS-GRADUAÇÃO E INOVAÇÃO";1705;Ativo
PROPLAN*;PRÓ-REITORIA DE PLANEJAMENTO;120;Em Desativação
PROPLAN;PRÓ-REITORIA DE PLANEJAMENTO ;1671;Ativo
PSAS;PROTOCOLO SETORIAL DA ÁREA DE SAÚDE;1223;Desativado
PSE;PROTOCOLO SETORIAL DA ESCOLA DE ENFERMAGEM;1884;Desativado
PSPV;PROTOCOLO SETORIAL DA PRAIA VERMELHA;1222;Desativado
PSCG;PROTOCOLO SETORIAL DO CAMPUS DE CAMPOS DOS GOYTACAZES;1987;Ativo
PSMA;PROTOCOLO SETORIAL DO CAMPUS DE MACAÉ;1985;Desativado
PSNF;PROTOCOLO SETORIAL DO CAMPUS DE NOVA FRIBURGO;1986;Desativado
PSP;PROTOCOLO SETORIAL DO CAMPUS DE PÁDUA;1984;Desativado
PSRO;PROTOCOLO SETORIAL DO CAMPUS DE RIO DAS OSTRAS;1983;Desativado
PSVR;PROTOCOLO SETORIAL DO CAMPUS DE VOLTA REDONDA;1982;Desativado
PSGR;PROTOCOLO SETORIAL DO GRAGOATÁ;1981;Desativado
PSG/NDC;PROTOCOLO SETORIAL DO GRAGOATÁ*;1224;Desativado
PS/INF;PROTOCOLO SETORIAL DO INSTITUTO DO NOROESTE FLUMINENSE DE EDUCAÇÃO SUPERIOR;1812;Desativado
PS/PURO;PROTOCOLO SETORIAL DO PÓLO UNIVERSITÁRIO DE RIO DAS OSTRAS;1833;Desativado
PS/PUVR;PROTOCOLO SETORIAL DO PÓLO UNIVERSITÁRIO DE VOLTA REDONDA;1532;Desativado
PSV;PROTOCOLO SETORIAL DO VALONGUINHO;1221;Desativado
CORDAS;QUARTETO DE CORDAS;1751;Desativado
REI;REITORIA;;Desativado
RET;REITORIA ;2;Ativo
ROA/DAS;RESTAURANTE DA DIVISÃO DE ORIENTAÇÃO ALIMENTAR;;Desativado
REE/DAS;RESTAURANTE DA ESCOLA DE ENGENHARIA;;Desativado
RFD/DAS;RESTAURANTE DA FACULDADE DE DIREITO;;Desativado
REA/DAS;RESTAURANTE DA FACULDADE DE ECONOMIA E ADMINISTRAÇÃO;;Desativado
RFE/DAS;RESTAURANTE DA FACULDADE DE EDUCAÇÃO;;Desativado
RFO/DAS;RESTAURANTE DA FACULDADE DE ODONTOLOGIA;;Desativado
RFV/DAS;RESTAURANTE DA FACULDADE DE VETERINÁRIA;;Desativado
RRT/DAS;RESTAURANTE DA REITORIA;;Desativado
RCA/DAS;RESTAURANTE DO COLÉGIO AGRÍCOLA NILO PEÇANHA;;Desativado
RHU/DAS;RESTAURANTE DO HOSPITAL UNIVERSITÁRIO ANTÔNIO PEDRO;;Desativado
RIB/DAS;RESTAURANTE DO INSTITUTO BIOMÉDICO;;Desativado
RCH/DAS;RESTAURANTE DO INSTITUTO DE CIÊNCIAS HUMANAS E FILOSOFIA;;Desativado
SADM/GAR;SEÇÃO ADMINISTRATIVA;0;Desativado
SCC/HU;SEÇÃO CLÍNICA CIRÚRGICA DO SERVIÇO DE AMBULATÓRIO;456;Desativado
SAIN/DGC;SEÇÃO DE AÇÕES INTERINSTITUCIONAIS;1785;Desativado
SAP/DEX;SEÇÃO DE ACOMPANHAMENTO DA PROGRAMAÇÃO;1548;Desativado
SACF/DGD;SEÇÃO DE ACOMPANHAMENTO FUNCIONAL;1385;Desativado
SASI/DTEL;SEÇÃO DE ADMINISTRAÇÃO DO SISTEMA;1520;Desativado
SASR/DSRE;SEÇÃO DE ADMINISTRAÇÃO E SUPORTE À REDE;1516;Desativado
SAE/DCD;SEÇÃO DE AFASTAMENTO NO EXTERIOR;0;Desativado
SAP/DCD;SEÇÃO DE AFASTAMENTO NO PAÍS;0;Desativado
SAT/DTR;SEÇÃO DE AGENDAMENTO DE TRANSPORTES;1328;Desativado
SACD/DTR;SEÇÃO DE AGENDAMENTO E CONTROLE DE DOCUMENTOS;2313;Desativado
SA/DAN;SEÇÃO DE ALMOXARIFADO;1302;Desativado
SAL/DEST;SEÇÃO DE ALMOXARIFADO DA DIVISÃO DE ESTÚDIO;1553;Desativado
SAC/DPR;SEÇÃO DE ANÁLISE DE CONTEÚDO;1547;Desativado
SAD/DGD;SEÇÃO DE ANÁLISE DE DESEMPENHO;1384;Desativado
SADD/DGDD;SEÇÃO DE ANÁLISE DE DESEMPENHO DOCENTE;1602;Desativado
SAL/DGL;SEÇÃO DE ANÁLISE DE LOTAÇÃO;1388;Desativado
SALD/DGLD;SEÇÃO DE ANÁLISE DE LOTAÇÃO DOCENTE;1598;Desativado
SALD/DGL;SEÇÃO DE ANÁLISE DE LOTAÇÃO E DIMENSIONAMENTO DE PESSOAL;2283;Desativado
SAA/DOC;SEÇÃO DE ANÁLISE E ARQUIVO;0;Desativado
SAAR/DOC;SEÇÃO DE ANÁLISE E ARQUIVO  ;1337;Desativado
SAPR/DBE;SEÇÃO DE ANÁLISE PROCESSUAL;1608;Desativado
SAP/DDV;SEÇÃO DE ANÁLISE PROCESSUAL - DDV;2278;Desativado
SANT/DDA;SEÇÃO DE ANÁLISE TÉCNICA;1381;Ativo
SEAN/HU;SEÇÃO DE ANESTESIOLOGIA;466;Desativado
SAG/DAP;SEÇÃO DE APOIO A GESTÃO;2277;Ativo
SAP/NPD;SEÇÃO DE APOIO À PESQUISA;;Desativado
SASC/GSO;SEÇÃO DE APOIO AOS SISTEMAS CORPORATIVOS ;1694;Desativado
SASP/DSS;SEÇÃO DE APOIO SÓCIO PEDAGÓGICO;1289;Desativado
SAPT/GAR;SEÇÃO DE APOIO TÉCNICO;0;Desativado
SAC/HU;SEÇÃO DE APURAÇÃO DE CUSTOS;502;Desativado
SAQ/NDC;SEÇÃO DE AQUISIÇÃO;;Desativado
SAQ/DPR;SEÇÃO DE ARQUIVO;1546;Desativado
SAE/HU;SEÇÃO DE ARQUIVO E ESTATÍSTICA DO SERVIÇO DE DOCUMENTAÇÃO MÉDICA;486;Desativado
SAIN/CAR;SEÇÃO DE ARQUIVO INTERMEDIÁRIO;1568;Desativado
SAME/HU;SEÇÃO DE ARQUIVO MÉDICO;;Desativado
SAPE/CAR;SEÇÃO DE ARQUIVO PERMANENTE;1565;Desativado
SAR/NAV;SEÇÃO DE ARTE;73;Desativado
SAAS/DAPE;SEÇÃO DE ARTICULAÇÃO DE AÇÕES DE SUSTENTABILIDADE;2345;Ativo
SAIE/HU;SEÇÃO DE ATENDIMENTO INTERNO E EXTERNO DO SERVIÇO SOCIAL;843;Desativado
SACON/HU;SEÇÃO DE ATIVIDADES COMUNITÁRIAS;496;Desativado
SAU/DEST;SEÇÃO DE AUDIO;1551;Desativado
SAE/NAV;SEÇÃO DE AUDIOVISUAL ESTÁTICO;79;Desativado
SC/DAN;SEÇÃO DE CADASTRO;1297;Desativado
SCA/DMA;SEÇÃO DE CADASTRO ;1344;Desativado
SECD/DCQD;SEÇÃO DE CAPACITAÇÃO DOCENTE;1395;Desativado
SCP/DCQ;SEÇÃO DE CAPACITAÇÃO PROFISSIONAL;0;Desativado
SCC/NDC;SEÇÃO DE CATALOGAÇÃO E CLASSIFICAÇÃO;;Desativado
SCER/DRC;SEÇÃO DE CERTIFICAÇÃO ;1773;Desativado
SCT/NAV;SEÇÃO DE CINEMA E TELEVISÃO;81;Desativado
SCGE/HU;SEÇÃO DE CIRURGIA GERAL E ESPECIALIZADA;100000;Desativado
SCGES/HU;SEÇÃO DE CIRURGIA GERAL E ESPECIALIZADA DA EMERGÊNCIA;451;Desativado
SCGEE/HU;SEÇÃO DE CIRURGIA GERAL E ESPECIALIZADA DO SERVIÇO DE INTERNAÇÃO E ALTA;460;Ativo
SCO/EDUFF;SEÇÃO DE COMERCIALIZAÇÃO;1734;Desativado
SC/HU;SEÇÃO DE COMPRAS;429;Desativado
SCO/DMA;SEÇÃO DE COMPRAS ;1345;Desativado
SCE/EDUFF;SEÇÃO DE COMUNICAÇÃO E EVENTOS;1736;Desativado
SCT/HU;SEÇÃO DE COMUNICAÇÃO E TRANSPORTES;423;Desativado
SCIS/NAV;SEÇÃO DE COMUNICAÇÃO IMPRESSA E SONORA;80;Desativado
SCI/DDD;SEÇÃO DE COMUNICAÇÃO INSTITUCIONAL;1760;Ativo
SCAP/DDV;SEÇÃO DE CONCESSÃO DE APOSENTADORIAS E PENSÕES;1611;Desativado
SCBE/DBE;SEÇÃO DE CONCESSÃO DE BENEFÍCIOS;1609;Desativado
SCL/DEF;SEÇÃO DE CONFERÊNCIA E LIQUIDAÇÃO;1340;Desativado
SCC/DCC;SEÇÃO DE CONTAS E CONTRATOS;1349;Desativado
SCCE/DDR;"SEÇÃO DE CONTRATOS; CONVÊNIOS E EDITAIS";1782;Desativado
SCB/LU;SEÇÃO DE CONTROLE BIOLÓGICO;409;Desativado
SCAF/DAC;SEÇÃO DE CONTROLE DE ADMISSÃO E FUNÇÕES;1612;Desativado
SCAD/DDV;SEÇÃO DE CONTROLE DE AFASTAMENTOS E DESLIGAMENTOS;1610;Ativo
SCCD/DAE;SEÇÃO DE CONTROLE DE CERTIFICADOS E DIPLOMAS;0;Desativado
SCD/DTR;SEÇÃO DE CONTROLE DE DOCUMENTOS;1330;Desativado
SCQ/DAN;SEÇÃO DE CONTROLE DE QUALIDADE;1299;Desativado
SCV/DSG;SEÇÃO DE CONTROLE DE VIATURAS;163;Desativado
SCON/HU;SEÇÃO DE CONTROLE DO SERVIÇO DE FARMÁCIA;490;Desativado
SCO/HU;SEÇÃO DE CONTROLE DO SERVIÇO DE MATERIAL;430;Ativo
SCTO/HU;SEÇÃO DE CONTROLE E TOMBAMENTO DO SERVIÇO DE MATERIAL;841;Desativado
SCFI/HU;SEÇÃO DE CONTROLE FINANCEIRO;419;Desativado
SCFI/DPIP;SEÇÃO DE CONTROLE FINANCEIRO ;1606;Desativado
SCFA/DPA;SEÇÃO DE CONTROLE FINANCEIRO DE ATIVOS;1607;Desativado
SCFI/DPAP;SEÇÃO DE CONTROLE FINANCEIRO DE INATIVOS;2287;Desativado
SCFQ/LU;SEÇÃO DE CONTROLE FÍSICO-QUÍMICO;410;Desativado
SCO/NPD;SEÇÃO DE CONTROLE OPERACIONAL;189;Desativado
SCO/GCA;SEÇÃO DE CORREIO;0;Desativado
SCIN/DGC;SEÇÃO DE CURSOS INSTITUCIONAIS;1784;Desativado
SDPR/DDA;SEÇÃO DE DESENVOLVIMENTO DE PROJETOS;1382;Desativado
SDAC/NPD;SEÇÃO DE DESENVOLVIMENTO DE SISTEMAS ACADÊMICOS;0;Desativado
SDAD/NPD;SEÇÃO DE DESENVOLVIMENTO DE SISTEMAS ADMINISTRATIVOS;0;Desativado
SDFI/NPD;SEÇÃO DE DESENVOLVIMENTO DE SISTEMAS FINANCEIROS;0;Desativado
SDHO/NPD;SEÇÃO DE DESENVOLVIMENTO DE SISTEMAS HOSPITALARES;0;Desativado
SDEX/NPD;SEÇÃO DE DESENVOLVIMENTO DE SISTEMAS PARA A COMUNIDADE EXTERNA;0;Desativado
SDF/ DGD;SEÇÃO DE DESENVOLVIMENTO FUNCIONAL;0;Desativado
SDFD/DGDD;SEÇÃO DE DESENVOLVIMENTO FUNCIONAL DOCENTE;1393;Desativado
SDI/HU;SEÇÃO DE DIETÉTICA;493;Desativado
SD/NPD;SEÇÃO DE DIGITAÇÃO DE DADOS;0;Desativado
SDD/HU;SEÇÃO DE DIREITOS E DEVERES;433;Desativado
SD/HU;SEÇÃO DE DISTRIBUIÇÃO DO SERVIÇO DE FARMÁCIA;491;Desativado
SEDI/HU;SEÇÃO DE DISTRIBUIÇÃO DO SERVIÇO DE NUTRIÇÃO;494;Desativado
SED/NDC;SEÇÃO DE DOCUMENTAÇÃO;;Desativado
SD/NDC;SEÇÃO DE DOCUMENTAÇÃO - DSI/NDC;;Desativado
SDE/DSO;SEÇÃO DE DOCUMENTAÇÃO E ESTATÍSTICA;28;Em Desativação
SEM/DOC;SEÇÃO DE EMPENHO;1336;Desativado
SEA/HU;SEÇÃO DE ENFERMAGEM EM AMBULATÓRIOS;437;Desativado
SECC/HU;SEÇÃO DE ENFERMAGEM EM CENTRO CIRÚRGICO;445;Desativado
SECGE/HU;SEÇÃO DE ENFERMAGEM EM CIRURGIA GERAL E ESPECIALIZADA;446;Desativado
SEE/HU;SEÇÃO DE ENFERMAGEM EM EMERGÊNCIA;438;Desativado
SEIAL/HU;SEÇÃO DE ENFERMAGEM EM INTERNAÇÕES E ALTAS;439;Desativado
SEMCL/HU;SEÇÃO DE ENFERMAGEM EM MEDICINA CLÍNICA;447;Ativo
SEN/HU;SEÇÃO DE ENFERMAGEM EM NEONATOLOGIA;441;Ativo
SEOB/HU;SEÇÃO DE ENFERMAGEM EM OBSTETRÍCIA;442;Ativo
SEP/HU;SEÇÃO DE ENFERMAGEM EM PEDIATRIA;443;Desativado
SEF/DPD;SEÇÃO DE ENSINO FUNDAMENTAL;1539;Desativado
SEI/DPD;SEÇÃO DE ENSINO INFANTIL;1540;Desativado
SEM/DPD;SEÇÃO DE ENSINO MÉDIO;1541;Desativado
SES/HU;SEÇÃO DE ESTATÍSTICA;487;Desativado
SEAJ/DAJ;SEÇÃO DE EXECUÇÃO DE AÇÕES JUDICIAIS;1605;Desativado
SEDEA/DAJ;SEÇÃO DE EXECUÇÃO DE DESPESAS DE EXERCÍCIOS ANTERIORES;1604;Desativado
SEF/DOFI;SEÇÃO DE EXECUÇÃO FINANCEIRA;2330;Desativado
SEO/HU;SEÇÃO DE EXECUÇÃO ORÇAMENTÁRIA;420;Desativado
SOE/DOFI;SEÇÃO DE EXECUÇÕES ORÇAMENTÁRIAS;2329;Desativado
SEA/DSG;SEÇÃO DE EXPEDIÇÃO E ARQUIVO;166;Desativado
SF/HU;SEÇÃO DE FATURAMENTO;504;Desativado
SGA/HU;SEÇÃO DE GASOTERAPIA;467;Desativado
SH/HU;SEÇÃO DE HEMATOLOGIA;481;Ativo
SIM/DEST;SEÇÃO DE IMAGEM;1552;Desativado
SIPE/DCOM;SEÇÃO DE IMPORTAÇÃO PARA PESQUISA;1710;Desativado
SIRE/CBI;SEÇÃO DE INFORMAÇÃO REFERENCIAL;1563;Desativado
SIRE/DSRE;SEÇÃO DE INFRAESTRUTURA DE REDE;1514;Desativado
SI/LU;SEÇÃO DE INJETÁVEIS;412;Desativado
SIAL/HU;SEÇÃO DE INTERNAÇÃO E ALTA DO SERVIÇO DE INTERNAÇÃO E ALTA;842;Desativado
SLR/HU;SEÇÃO DE LAVANDERIA E ROUPARIA;424;Desativado
SLPR/DCOM;SEÇÃO DE LICITAÇÃO E PREGÃO;1711;Desativado
SL/LU;SEÇÃO DE LÍQUIDOS;413;Desativado
SLO/DSL;SEÇÃO DE LOGÍSTICA;1332;Desativado
SLOG/DSL;SEÇÃO DE LOGÍSTICA;2315;Desativado
SLM/DCOM;SEÇÃO DE LOGÍSTICA E MATERIAIS;2337;Desativado
SLT/DGL;SEÇÃO DE LOTAÇÃO TEMPORÁRIA;0;Desativado
SEMA/DTEL;SEÇÃO DE MANUTENÇÃO ;1522;Desativado
SMBI/HU;SEÇÃO DE MANUTENÇÃO DE BENS IMÓVEIS DO SERVIÇO DE MANUTENÇÃO E REPAROS;840;Desativado
SMBM/HU;SEÇÃO DE MANUTENÇÃO DE BENS MÓVEIS DO SERVIÇO DE MANUTENÇÃO E REPAROS;839;Desativado
SMT/DTR;SEÇÃO DE MANUTENÇÃO DE TRANSPORTE;2312;Desativado
SMT/DTR*;SEÇÃO DE MANUTENÇÃO DE TRANSPORTES;1329;Desativado
SMR/NAV;SEÇÃO DE MANUTENÇÃO E RECUPERAÇÃO;;Desativado
SMR/HU;SEÇÃO DE MANUTENÇÃO E REPAROS;425;Desativado
SMCL/HU;SEÇÃO DE MEDICINA CLÍNICA DA COORDENAÇÃO DE EMERGÊNCIA;457;Desativado
SMC/HU;SEÇÃO DE MEDICINA CLÍNICA DO SERVIÇO DE AMBULATÓRIO;452;Desativado
SMEC/HU;SEÇÃO DE MEDICINA CLÍNICA DO SERVIÇO DE INTERNAÇÃO E ALTA;461;Ativo
SMIS/DDD;SEÇÃO DE MÍDIAS SOCIAIS;2347;Ativo
SMO/DMO;SEÇÃO DE MOBILIDADE EXTERNA;1789;Desativado
SMI/DMO;SEÇÃO DE MOBILIDADE INTERNA ;1788;Desativado
SMOR/DSRE;SEÇÃO DE MONITORAMENTO E OPERAÇÕES DE REDE;1517;Desativado
SMSO/DTEL;SEÇÃO DE MONITORAMENTO E SUPORTE OPERACIONAL;1521;Desativado
SMO/DGL;SEÇÃO DE MOVIMENTAÇÃO;1387;Desativado
SMOD/DGLD;SEÇÃO DE MOVIMENTAÇÃO DOCENTE;1392;Desativado
SORE/DSRE;SEÇÃO DE OFICINA DE REPAROS;1518;Desativado
SOM/DSG;SEÇÃO DE OFICINAS MECÂNICAS;164;Desativado
SO/NPD;SEÇÃO DE OPERAÇÃO;0;Desativado
SOP/DEX;SEÇÃO DE OPERAÇÕES;1549;Desativado
SOR/SAEP;SEÇÃO DE ORÇAMENTO;2319;Ativo
SOM/NPD;SEÇÃO DE ORGANIZAÇÃO E MÉTODOS;194;Desativado
SPA/DEF;SEÇÃO DE PAGAMENTO;1339;Desativado
SPPP/DDR;SEÇÃO DE PARCERIAS PÚBLICAS E PRIVADAS;1781;Desativado
SPDC/CBI;SEÇÃO DE PLANEJAMENTO E DESENVOLVIMENTO DE COLEÇÕES;1561;Desativado
SPZ/HU;SEÇÃO DE PORTARIA E ZELADORIA;427;Desativado
SPD/NPD;SEÇÃO DE PREPARAÇÃO DE DADOS;;Desativado
SPCO/DCB;Seção de Prestação de Contas;2351;Ativo
SPCC/DFI;SEÇÃO DE PRESTAÇÃO DE CONTAS E CONVÊNIOS;1713;Desativado
SPSF/DGL;SEÇÃO DE PREVENÇÃO SÓCIO FUNCIONAL;1389;Desativado
SPFD/DGLD;SEÇÃO DE PREVENÇÃO SÓCIO FUNCIONAL DOCENTE;1599;Desativado
SPTE/CBI;SEÇÃO DE PROCESSAMENTO TÉCNICO;1562;Desativado
SP/DAS;SEÇÃO DE PRODUÇÃO;;Desativado
SPV/EGA;SEÇÃO DE PRODUÇÃO DE VÍDEOS;824;Desativado
SPE/DEST;SEÇÃO DE PRODUÇÃO EXTERNA;1550;Desativado
SPE/LU;SEÇÃO DE PRODUTOS ESPECIAIS;414;Desativado
SPPA/DAAC;SEÇÃO DE PROGRAMA PRÓ-ALUNO;1293;Desativado
SPIP/DPE;SEÇÃO DE PROJETOS INSTITUCIONAIS DE PESQUISA;1722;Desativado
SPSE/DASE;SEÇÃO DE PROMOÇÃO À SAÚDE DO ESTUDANTE;2086;Desativado
SPSE/DAPS;SEÇÃO DE PROMOÇÃO À SAÚDE DO ESTUDANTE ;1287;Desativado
SPSE/DAP;SEÇÃO DE PROMOÇÃO E SAÚDE DO ESTUDANTE;0;Desativado
SP/DSG;SEÇÃO DE PROTOCOLO;167;Desativado
SPA/HU;SEÇÃO DE PROTOCOLO E ARQUIVO;426;Ativo
SPP/NAV;SEÇÃO DE PUBLICIDADE E PROPAGANDA;82;Desativado
SQV/DPVS;SEÇÃO DE QUALIDADE DE VIDA E SAÚDE DO SERVIDOR;1374;Desativado
SEQD/DCQD;SEÇÃO DE QUALIFICAÇÃO DOCENTE;1396;Desativado
SQP/DCQ;SEÇÃO DE QUALIFICAÇÃO PROFISSIONAL;0;Desativado
SRC/DCOM;SEÇÃO DE RECEBIMENTO E CONFERÊNCIA;2338;Desativado
SRM/DGL;SEÇÃO DE RECRUTAMENTO E MOVIMENTAÇÃO;2284;Desativado
SRA/HU;SEÇÃO DE RECURSOS AUDIOVISUAIS;488;Desativado
SRE/NAV;SEÇÃO DE RECURSOS ELETRÔNICOS;75;Desativado
SRG/NAV;SEÇÃO DE RECURSOS GRÁFICOS;76;Desativado
SRO/NAV;SEÇÃO DE RECURSOS ÓTICOS;77;Desativado
SRGL/NDC;SEÇÃO DE REFERÊNCIA GERAL E LEGISLATIVA;;Desativado
SR/NDC;SEÇÃO DE REGISTRO;;Desativado
SREG/DRC;SEÇÃO DE REGISTRO ;1772;Desativado
SRDS/DRAD;SEÇÃO DE REGISTRO DE DISCENTES;1430;Desativado
SRAD/DAE;SEÇÃO DE REGISTRO E ACOMPANHAMENTO DE DISCENTES;0;Desativado
SRF/DAC;SEÇÃO DE REGISTRO FUNCIONAL;1613;Desativado
SRC/HU;SEÇÃO DE REGISTROS CONTÁBEIS;421;Desativado
SRDI/DCCD;SEÇÃO DE REGISTROS DE DIPLOMAS;1429;Desativado
SRF/HU;SEÇÃO DE REGISTROS E FREQUÊNCIA;434;Ativo
SRE/TCM;SEÇÃO DE REGISTROS ESCOLARES DA ESCOLA DE ENGENHARIA INDUSTRIAL METALÚRGICA DE VOLTA REDONDA;837;Em Desativação
SRE/CCM;SEÇÃO DE REGISTROS ESCOLARES DO CENTRO DE CIÊNCIAS MÉDICAS;262;Desativado
SRE/CEG;SEÇÃO DE REGISTROS ESCOLARES DO CENTRO DE ESTUDOS GERAIS;508;Desativado
SRE/CES;SEÇÃO DE REGISTROS ESCOLARES DO CENTRO DE ESTUDOS SOCIAIS APLICADOS;659;Desativado
SRE/CTC;SEÇÃO DE REGISTROS ESCOLARES DO CENTRO TECNOLÓGICO;730;Desativado
SRE/CANP;SEÇÃO DE REGISTROS ESCOLARES DO COLÉGIO AGRÍCOLA NILO PEÇANHA;711;Desativado
SRE/IBB;SEÇÃO DE REGISTROS ESCOLARES DO COLÉGIO TÉCNICO AGRÍCOLA ILDEFONSO BASTOS BORGES;831;Desativado
SR/DSG;SEÇÃO DE REPRODUÇÕES;168;Desativado
SSC/HU;SEÇÃO DE SAÚDE DA COMUNIDADE;454;Desativado
SSEG/DSL;SEÇÃO DE SEGURANÇA;2316;Desativado
SSE/DSL;SEÇÃO DE SEGURANÇA;1333;Desativado
SSRE/DSRE;SEÇÃO DE SEGURANÇA DE REDE;1515;Desativado
SST/DPVS;SEÇÃO DE SEGURANÇA NO TRABALHO E SAÚDE OCUPACIONAL;1373;Desativado
SSG/TCM;SEÇÃO DE SERVIÇOS GERAIS DA ESCOLA DE ENGENHARIA INDUSTRIAL METALÚRGICA DE VOLTA REDONDA;838;Em Desativação
SSG/CCM;SEÇÃO DE SERVIÇOS GERAIS DO CENTRO DE CIÊNCIAS MÉDICAS;263;Desativado
SSG/CEG;SEÇÃO DE SERVIÇOS GERAIS DO CENTRO DE ESTUDOS GERAIS;509;Desativado
SSG/CES;SEÇÃO DE SERVIÇOS GERAIS DO CENTRO DE ESTUDOS SOCIAIS APLICADOS;660;Desativado
SSG/CTC;SEÇÃO DE SERVIÇOS GERAIS DO CENTRO TECNOLÓGICO;731;Desativado
SSG/CANP;SEÇÃO DE SERVIÇOS GERAIS DO COLÉGIO AGRÍCOLA NILO PEÇANHA;712;Desativado
SSG/IBB;SEÇÃO DE SERVIÇOS GERAIS DO COLÉGIO TÉCNICO AGRÍCOLA ILDEFONSO BASTOS BORGES;832;Desativado
SSAC/GOT;SEÇÃO DE SISTEMA ACADÊMICO;1715;Desativado
SSAC/DQDS;SEÇÃO DE SISTEMAS ACADÊMICOS;1528;Desativado
SSAD/DQDS;SEÇÃO DE SISTEMAS ADMINISTRATIVOS;1527;Desativado
SSRH/DQDS;SEÇÃO DE SISTEMAS DE RECURSOS HUMANOS;1529;Desativado
SSOA/DSBA;SEÇÃO DE SISTEMAS OPERACIONAIS E APLICATIVOS;1510;Desativado
SSO/LU;SEÇÃO DE SÓLIDOS ORAIS;415;Desativado
SSDB/DSBA;SEÇÃO DE SUPORTE DE BANCO DE DADOS;1511;Desativado
SSRC/DSBA;SEÇÃO DE SUPORTE DE RECURSOS COMPUTACIONAIS;1512;Desativado
SST/NPD;SEÇÃO DE SUPORTE TÉCNICO;0;Desativado
ST/HU;SEÇÃO DE TOMBAMENTO;431;Ativo
STI/HU;SEÇÃO DE TRATAMENTO INTENSIVO;472;Desativado
SUA/HU;SEÇÃO DE UNIDADES AMBULATORIAIS;497;Desativado
SUI/HU;SEÇÃO DE UNIDADES DE INTERNAÇÃO;498;Desativado
SFI/DGL;SEÇÃO FINANCEIRA;0;Desativado
SMIN/HU;SEÇÃO MATERNO-INFANTIL DA COORDENAÇÃO DE EMERGÊNCIA;458;Desativado
SMI/HU;SEÇÃO MATERNO-INFANTIL DO SERVIÇO DE AMBULATÓRIO;453;Desativado
SMAI/HU;SEÇÃO MATERNO-INFANTIL DO SERVIÇO DE INTERNAÇÃO E ALTA;462;Ativo
SME/DAS;SEÇÃO MÉDICA;1376;Desativado
SOD/DAS;SEÇÃO ODONTOLÓGICA;1377;Desativado
SON/DAN;SEÇÃO ORIENTAÇÃO NUTRICIONAL;1298;Desativado
SPS/DAS;SEÇÃO PSICOSSOCIAL;1378;Desativado
ST/DAS;SEÇÃO TÉCNICA;;Desativado
SCG/GPV;SECRETARIA  ADMINISTRATIVA  DA COORDENAÇÃO DO CURSO DE GRADUAÇÃO EM  ADMINISTRAÇÃO PÚBLICA  DE VOLTA REDONDA;;Desativado
SA/CGB;SECRETARIA  ADMINISTRATIVA  DA COORDENAÇÃO DO CURSO DE GRADUAÇÃO EM BIOMEDICINA DE NOVA FRIBURGO;1802;Desativado
SG/GCT;SECRETARIA  ADMINISTRATIVA  DA COORDENAÇÃO DO CURSO DE GRADUAÇÃO EM CIÊNCIAS ATUARIAIS;1475;Desativado
SA/CGD;SECRETARIA  ADMINISTRATIVA  DA COORDENAÇÃO DO CURSO DE GRADUAÇÃO EM DIREITO  DE CAMPOS DOS GOYTACAZES;1850;Desativado
SCGF/VGF;SECRETARIA  ADMINISTRATIVA  DA COORDENAÇÃO DO CURSO DE GRADUAÇÃO EM FÍSICA DE VOLTA REDONDA;1252;Desativado
SA/CGF;SECRETARIA  ADMINISTRATIVA  DA COORDENAÇÃO DO CURSO DE GRADUAÇÃO EM FONOAUDIOLOGIA DE NOVA FRIBURGO;1804;Desativado
SA/CGH;SECRETARIA  ADMINISTRATIVA  DA COORDENAÇÃO DO CURSO DE GRADUAÇÃO EM HISTORIA ;1480;Desativado
SA/GMI;SECRETARIA  ADMINISTRATIVA  DA COORDENAÇÃO DO CURSO DE GRADUAÇÃO EM MATEMÁTICA - LICENCIATURA DE SANTO ANTONIO DE PÁDUA;1821;Desativado
SCGT/VGT;SECRETARIA  ADMINISTRATIVA  DA COORDENAÇÃO DO CURSO DE GRADUAÇÃO EM MATEMÁTICA DE VOLTA REDONDA;1254;Desativado
SCGQ/VGQ;SECRETARIA  ADMINISTRATIVA  DA COORDENAÇÃO DO CURSO DE GRADUAÇÃO EM QUÍMICA;1262;Desativado
SA/CGI;SECRETARIA  ADMINISTRATIVA  DA COORDENAÇÃO DO CURSO DE GRADUAÇÃO EM SISTEMAS DE INFORMAÇÃO;1866;Desativado
SA/CGP;SECRETARIA  ADMINISTRATIVA  DA COORDENAÇÃO DO CURSO DE PSICOLOGIA DE CAMPOS DOS GOYTACAZES;1848;Desativado
SA/VCX;SECRETARIA  ADMINISTRATIVA  DO INSTITUTO DE CIÊNCIAS EXATAS DE VOLTA  REDONDA;1250;Desativado
SA/COC;SECRETARIA  ADMINISTRATIVA DO DEPARTAMENTO DE CIÊNCIAS SOCIAIS DE CAMPOS;1306;Desativado
SA/RFM;SECRETARIA  ADMINISTRATIVA DO DEPARTAMENTO DE FÍSICA E MATEMÁTICA ;1536;Desativado
SA/GRC;SECRETARIA  ADMINISTRATIVA DO DEPARTAMENTO DE GEOGRAFIA ;1308;Desativado
SA/CEC;SECRETARIA  ADMINISTRATIVA DO DEPARTAMENTODE CIÊNCIAS ECONÔMICAS DE CAMPOS;1408;Desativado
SA/STI;SECRETARIA  DA SUPERINTENDÊNCIA DE TECNOLOGIA DA INFORMAÇÃO;1498;Desativado
SADM/CAD;SECRETARIA ADMINISTRATIVA;1436;Ativo
SA/PLAN;SECRETARIA ADMINISTRATIVA;1672;Ativo
SA/EDUFF;SECRETARIA ADMINISTRATIVA;1731;Ativo
SA/PROEX;SECRETARIA ADMINISTRATIVA;2346;Ativo
SA/SCS;SECRETARIA ADMINISTRATIVA;1485;Ativo
SAD/PPI;SECRETARIA ADMINISTRATIVA;2349;Ativo
SAD/SRI;SECRETARIA ADMINISTRATIVA;1895;Ativo
SA/GRAD;SECRETARIA ADMINISTRATIVA;1412;Ativo
SA/MPS;SECRETARIA ADMINISTRATIVA - DEPARTAMENTO DE PLANEJAMENTO EM SAÚDE;1978;Desativado
SA/MSM;SECRETARIA ADMINISTRATIVA - DEPARTAMENTO DE PSIQUIATRIA E SAÚDE MENTAL;1977;Desativado
SA/MSS;SECRETARIA ADMINISTRATIVA - DEPARTAMENTO DE SAÚDE EM SOCIEDADE;1979;Desativado
SA/AARI;SECRETARIA ADMINISTRATIVA DA ASSESSORIA DE ASSUNTOS E RELAÇÕES INTERNACIONAIS;0;Desativado
SA/JUR;SECRETARIA ADMINISTRATIVA DA ASSESSORIA JURÍDICA;;Desativado
SA/CUR;SECRETARIA ADMINISTRATIVA DA AUDITORIA TÉCNICA;813;Desativado
SA/PHR;SECRETARIA ADMINISTRATIVA DA COORDENAÇÃO CURSO DE PÓS-GRADUAÇÃO EM HISTÓRIA DO RIO DE JANEIRO;1792;Desativado
SA/SGO;SECRETARIA ADMINISTRATIVA DA COORDENAÇÃO DE GRADUAÇÃO EM PEDAGOGIA DE SANTO ANTONIO DE PÁDUA;1478;Desativado
SA/GCN;SECRETARIA ADMINISTRATIVA DA COORDENAÇÃO DO CURSO DE CIÊNCIAS NATURAIS DE SANTO ;1816;Desativado
SA/GAO;SECRETARIA ADMINISTRATIVA DA COORDENAÇÃO DO CURSO DE GRADUAÇÃO EM ANTROPOLOGIA;1842;Desativado
SA/CGS;SECRETARIA ADMINISTRATIVA DA COORDENAÇÃO DO CURSO DE GRADUAÇÃO EM CIÊNCAS SOCIAIS DE CAMPOS;1230;Desativado
SA/GCE;SECRETARIA ADMINISTRATIVA DA COORDENAÇÃO DO CURSO DE GRADUAÇÃO EM CIÊNCIAS ECONÔMICAS DE CAMPOS ;1226;Desativado
SA/GCU;SECRETARIA ADMINISTRATIVA DA COORDENAÇÃO DO CURSO DE GRADUAÇÃO EM COMPUTAÇÃO - LICENCIATURA DO INF;2016;Desativado
SA/GDI;SECRETARIA ADMINISTRATIVA DA COORDENAÇÃO DO CURSO DE GRADUAÇÃO EM DESENHO INDUSTRIAL;1859;Ativo
SA/CGG;SECRETARIA ADMINISTRATIVA DA COORDENAÇÃO DO CURSO DE GRADUAÇÃO EM GEOGRAFIA DE CAMPOS;1228;Desativado
SA/SGG;SECRETARIA ADMINISTRATIVA DA COORDENAÇÃO DO CURSO DE GRADUAÇÃO EM PEDAGOGIA DE ANGRA DOS REIS;0;Desativado
SA/GSC;SECRETARIA ADMINISTRATIVA DA COORDENAÇÃO DO CURSO DE GRADUAÇÃO EM SOCIOLOGIA;1844;Desativado
SA/GTG;SECRETARIA ADMINISTRATIVA DA COORDENAÇÃO DO CURSO DE GRADUAÇÃO TECNOLÓGICA EM PROCESSOS GERENCIAIS;2081;Desativado
SA/GIN;SECRETARIA ADMINISTRATIVA DA COORDENAÇÃO DO CURSO DE INFORMÁTICA DE SANTO ANTONIO DE PÁDUA;1818;Desativado
SA/PGC;SECRETARIA ADMINISTRATIVA DA COORDENAÇÃO DO CURSO DE PÓS-GRADUAÇÃO EM COMPUTAÇÃO;2090;Desativado
SA/GES;SECRETARIA ADMINISTRATIVA DA COORDENAÇÃO DO CURSO DE PÓS-GRADUAÇÃO EM ENSINO - STRICTO SENSU;2025;Desativado
SA/PMI;SECRETARIA ADMINISTRATIVA DA COORDENAÇÃO DO CURSO DE PÓS-GRADUAÇÃO EM MONTAGEM INDUSTRIAL;2074;Ativo
SA/CGE;SECRETARIA ADMINISTRATIVA DA COORDENADORIA GERAL DE ESTÁGIOS;1122;Desativado
SA/TCA;SECRETARIA ADMINISTRATIVA DA ESCOLA DE ARQUITETURA E URBANISMO;777;Desativado
SA/CME;SECRETARIA ADMINISTRATIVA DA ESCOLA DE ENFERMAGEM;326;Desativado
SA/TCE;SECRETARIA ADMINISTRATIVA DA ESCOLA DE ENGENHARIA;784;Desativado
SA/TCM;SECRETARIA ADMINISTRATIVA DA ESCOLA DE ENGENHARIA INDUSTRIAL METALÚRGICA DE VOLTA REDONDA;800;Em Desativação
SA/ESS;SECRETARIA ADMINISTRATIVA DA ESCOLA DE SERVIÇO SOCIAL;689;Desativado
SA/EST;SECRETARIA ADMINISTRATIVA DA FACULDADE DE ADMINISTRAÇÃO E CIÊNCIAS CONTÁBEIS;721;Desativado
SA/ESD;SECRETARIA ADMINISTRATIVA DA FACULDADE DE DIREITO;694;Desativado
SA/ESC;SECRETARIA ADMINISTRATIVA DA FACULDADE DE ECONOMIA;717;Desativado
SA/ESA;SECRETARIA ADMINISTRATIVA DA FACULDADE DE ECONOMIA E ADMINISTRAÇÃO;;Desativado
SA/ESE;SECRETARIA ADMINISTRATIVA DA FACULDADE DE EDUCAÇÃO;703;Desativado
SA/CMF;SECRETARIA ADMINISTRATIVA DA FACULDADE DE FARMÁCIA;336;Desativado
SA/CMM;SECRETARIA ADMINISTRATIVA DA FACULDADE DE MEDICINA;346;Desativado
SA/CMN;SECRETARIA ADMINISTRATIVA DA FACULDADE DE NUTRIÇÃO EMILIA DE JESUS FERREIRO;389;Desativado
SA/CMO;SECRETARIA ADMINISTRATIVA DA FACULDADE DE ODONTOLOGIA;361;Desativado
SA/CMV;SECRETARIA ADMINISTRATIVA DA FACULDADE DE VETERINÁRIA;368;Desativado
SA/NIU;SECRETARIA ADMINISTRATIVA DA IMPRENSA UNIVERSITÁRIA;64;Desativado
SA/PREF;SECRETARIA ADMINISTRATIVA DA PREFEITURA DO CAMPUS UNIVERSITÁRIO;132;Desativado
SA/GER;SECRETARIA ADMINISTRATIVA DA PROCURADORIA GERAL;43;Desativado
SA/SEPAD;"Secretaria Administrativa da Superintendência de Equidade; Políticas Afirmativas e Diversidade";2357;Ativo
SA/SOMA;SECRETARIA ADMINISTRATIVA DA SUPERINTENDÊNCIA DE OPERAÇÕES E MANUTENÇÃO;2306;Desativado
SA/CCM;SECRETARIA ADMINISTRATIVA DO CENTRO DE CIÊNCIAS MÉDICAS;261;Desativado
SA/CEG;SECRETARIA ADMINISTRATIVA DO CENTRO DE ESTUDOS GERAIS;507;Em Desativação
SA/CES;SECRETARIA ADMINISTRATIVA DO CENTRO DE ESTUDOS SOCIAIS APLICADOS;658;Em Desativação
SA/CTC;SECRETARIA ADMINISTRATIVA DO CENTRO TECNOLÓGICO;729;Em Desativação
SA/CANP;SECRETARIA ADMINISTRATIVA DO COLÉGIO AGRÍCOLA NILO PEÇANHA;710;Desativado
SA/GCB;SECRETARIA ADMINISTRATIVA DO CURSO DE GRADUAÇÃO EM CIÊNCIA AMBIENTAL;1836;Desativado
SA/VGI;SECRETARIA ADMINISTRATIVA DO CURSO DE GRADUAÇÃO EM DIREITO DE VOLTA REDONDA;;Desativado
SA/GMB;SECRETARIA ADMINISTRATIVA DO CURSO DE GRADUAÇÃO EM MATEMÁTICA - BACHARELADO DE SANTO ANTÔNIO DE PÁDUA;2022;Desativado
SA/VGS;SECRETARIA ADMINISTRATIVA DO CURSO DE GRADUAÇÃO EM PSICOLOGIA DE VOLTA REDONDA;1482;Desativado
SA/GLI;SECRETARIA ADMINISTRATIVA DO CURSO DE GRADUAÇÃO LICENCIATURA INTERDISCIPLINAR EM EDUCAÇÃO DO CAMPO;2011;Desativado
SSTA/EST;SECRETARIA ADMINISTRATIVA DO DEPARTAMENTO DE ADMINISTRAÇÃO;723;Desativado
SAAD/ESA;SECRETARIA ADMINISTRATIVA DO DEPARTAMENTO DE ADMINISTRAÇÃO - ESA;;Desativado
SAD/VCH;SECRETARIA ADMINISTRATIVA DO DEPARTAMENTO DE ADMINISTRAÇÃO DE VOLTA REDONDA;1075;Desativado
SA/VAD;SECRETARIA ADMINISTRATIVA DO DEPARTAMENTO DE ADMINISTRAÇÃO E ADMINISTRAÇÃO PÚBLICA;1902;Desativado
SA/MAC;SECRETARIA ADMINISTRATIVA DO DEPARTAMENTO DE ADMINISTRAÇÃO E CONTABILIDADE EM MACAÉ;1531;Desativado
SAA/TCM;SECRETARIA ADMINISTRATIVA DO DEPARTAMENTO DE AGRONEGÓCIOS E ADMINISTRAÇÃO;0;Desativado
SAN/EGM;SECRETARIA ADMINISTRATIVA DO DEPARTAMENTO DE ANÁLISE;634;Desativado
SAG/EGG;SECRETARIA ADMINISTRATIVA DO DEPARTAMENTO DE ANÁLISE GEO-AMBIENTAL;614;Desativado
SAP/EGH;SECRETARIA ADMINISTRATIVA DO DEPARTAMENTO DE ANTROPOLOGIA;594;Desativado
SAR/TCA;SECRETARIA ADMINISTRATIVA DO DEPARTAMENTO DE ARQUITETURA;779;Desativado
TAU/TCA;SECRETARIA ADMINISTRATIVA DO DEPARTAMENTO DE ARQUITETURA -TAU;;Desativado
SAT/EGA;SECRETARIA ADMINISTRATIVA DO DEPARTAMENTO DE ARTE;568;Desativado
SA/DAS;SECRETARIA ADMINISTRATIVA DO DEPARTAMENTO DE ASSISTÊNCIA SOCIAL;;Desativado
SCM/EGB;SECRETARIA ADMINISTRATIVA DO DEPARTAMENTO DE BIOLOGIA CELULAR E MOLECULAR;581;Desativado
SBG/EGB;SECRETARIA ADMINISTRATIVA DO DEPARTAMENTO DE BIOLOGIA GERAL;579;Desativado
SBO/CMF;SECRETARIA ADMINISTRATIVA DO DEPARTAMENTO DE BROMATOLOGIA;340;Desativado
SCG/EGG;SECRETARIA ADMINISTRATIVA DO DEPARTAMENTO DE CARTOGRAFIA;;Desativado
SA/TCC;SECRETARIA ADMINISTRATIVA DO DEPARTAMENTO DE CIÊNCIA DA COMPUTAÇÃO;816;Desativado
SCC/EGM;SECRETARIA ADMINISTRATIVA DO DEPARTAMENTO DE CIÊNCIA DA COMPUTAÇÃO - EGM;641;Desativado
SCI/EGA;SECRETARIA ADMINISTRATIVA DO DEPARTAMENTO DE CIÊNCIA DA INFORMAÇÃO;575;Desativado
SCL/EGL;SECRETARIA ADMINISTRATIVA DO DEPARTAMENTO DE CIÊNCIA DA LINGUAGEM;629;Em Desativação
SA/RCT;SECRETARIA ADMINISTRATIVA DO DEPARTAMENTO DE CIÊNCIA E TECNOLOGIA;1031;Desativado
SCP/EGH;SECRETARIA ADMINISTRATIVA DO DEPARTAMENTO DE CIÊNCIA POLÍTICA;596;Desativado
SCB/CMO;SECRETARIA ADMINISTRATIVA DO DEPARTAMENTO DE CIENCIAS BASICAS;1799;Desativado
SA/RCN;SECRETARIA ADMINISTRATIVA DO DEPARTAMENTO DE CIÊNCIAS DA NATUREZA;2089;Desativado
SMC/TCM;SECRETARIA ADMINISTRATIVA DO DEPARTAMENTO DE CIÊNCIAS DOS MATERIAIS;802;Desativado
SCE/VEI;SECRETARIA ADMINISTRATIVA DO DEPARTAMENTO DE CIÊNCIAS EXATAS;1060;Desativado
SCS/EGH;SECRETARIA ADMINISTRATIVA DO DEPARTAMENTO DE CIÊNCIAS SOCIAIS;;Desativado
SCV/EGA;SECRETARIA ADMINISTRATIVA DO DEPARTAMENTO DE CINEMA E VÍDEO;572;Desativado
SCG/CMM;SECRETARIA ADMINISTRATIVA DO DEPARTAMENTO DE CIRURGIA GERAL E ESPECIALIZADA;349;Desativado
SMC/EGM;SECRETARIA ADMINISTRATIVA DO DEPARTAMENTO DE COMPUTAÇÃO;;Desativado
SA/RCM;SECRETARIA ADMINISTRATIVA DO DEPARTAMENTO DE COMPUTAÇÃO ;1538;Desativado
SCO/EGA;SECRETARIA ADMINISTRATIVA DO DEPARTAMENTO DE COMUNICAÇÃO SOCIAL;570;Desativado
SSTC/EST;SECRETARIA ADMINISTRATIVA DO DEPARTAMENTO DE CONTABILIDADE;725;Bloqueado
SACT/ESA;SECRETARIA ADMINISTRATIVA DO DEPARTAMENTO DE CONTABILIDADE - ESA;;Desativado
SA/VCO;SECRETARIA ADMINISTRATIVA DO DEPARTAMENTO DE CONTABILIDADE DE VOLTA REDONDA;1462;Desativado
SDT/TCE;SECRETARIA ADMINISTRATIVA DO DEPARTAMENTO DE DESENHO TÉCNICO;786;Desativado
SA/DDC;SECRETARIA ADMINISTRATIVA DO DEPARTAMENTO DE DIFUSÃO CULTURAL;53;Desativado
SA/VDI;SECRETARIA ADMINISTRATIVA DO DEPARTAMENTO DE DIREITO DE VOLTA REDONDA;1464;Desativado
SADV/ESD;SECRETARIA ADMINISTRATIVA DO DEPARTAMENTO DE DIREITO PRIVADO;696;Desativado
SADB/ESD;SECRETARIA ADMINISTRATIVA DO DEPARTAMENTO DE DIREITO PÚBLICO;698;Desativado
SDO/EGA;SECRETARIA ADMINISTRATIVA DO DEPARTAMENTO DE DOCUMENTAÇÃO;815;Em Desativação
SAEN/ESC;SECRETARIA ADMINISTRATIVA DO DEPARTAMENTO DE ECONOMIA;719;Desativado
SAEC/ESA;SECRETARIA ADMINISTRATIVA DO DEPARTAMENTO DE ECONOMIA - ESA;;Desativado
SA/DED;SECRETARIA ADMINISTRATIVA DO DEPARTAMENTO DE EDUCAÇÃO ;1219;Desativado
SEF/CEG;SECRETARIA ADMINISTRATIVA DO DEPARTAMENTO DE EDUCAÇÃO FÍSICA E DESPORTOS;541;Desativado
SA/GEM;SECRETARIA ADMINISTRATIVA DO DEPARTAMENTO DE EDUCAÇÃO MATEMÁTICA ;1822;Desativado
SA/STE;SECRETARIA ADMINISTRATIVA DO DEPARTAMENTO DE EMPREENDEDORISMO E GESTÃO;2082;Desativado
SEN/CME;SECRETARIA ADMINISTRATIVA DO DEPARTAMENTO DE ENFERMAGEM;327;Desativado
SEP/CME;SECRETARIA ADMINISTRATIVA DO DEPARTAMENTO DE ENFERMAGEM MATERNO-INFANTIL E PSIQUIÁTRICA;333;Desativado
SEM/CME;SECRETARIA ADMINISTRATIVA DO DEPARTAMENTO DE ENFERMAGEM MÉDICO CIRÚRGICA;331;Desativado
SER/TCE;SECRETARIA ADMINISTRATIVA DO DEPARTAMENTO DE ENGENHARIA AGRÍCOLA E MEIO AMBIENTE;985;Desativado
SEC/TCE;SECRETARIA ADMINISTRATIVA DO DEPARTAMENTO DE ENGENHARIA CIVIL;788;Desativado
SEA/VEI;SECRETARIA ADMINISTRATIVA DO DEPARTAMENTO DE ENGENHARIA DE AGRONEGÓCIOS;987;Desativado
SEP/TCE;SECRETARIA ADMINISTRATIVA DO DEPARTAMENTO DE ENGENHARIA DE PRODUÇÃO;794;Desativado
SEP/VEI;SECRETARIA ADMINISTRATIVA DO DEPARTAMENTO DE ENGENHARIA DE PRODUÇÃO DE VOLTA REDONDA;1064;Desativado
SA/REG;SECRETARIA ADMINISTRATIVA DO DEPARTAMENTO DE ENGENHARIA DE RIO DAS OSTRAS;1534;Desativado
SET/TCE;SECRETARIA ADMINISTRATIVA DO DEPARTAMENTO DE ENGENHARIA DE TELECOMUNICAÇÕES;798;Desativado
SEE/TCE;SECRETARIA ADMINISTRATIVA DO DEPARTAMENTO DE ENGENHARIA ELÉTRICA;790;Desativado
SEM/TCE;SECRETARIA ADMINISTRATIVA DO DEPARTAMENTO DE ENGENHARIA MECÂNICA;792;Ativo
SEM/VEI;SECRETARIA ADMINISTRATIVA DO DEPARTAMENTO DE ENGENHARIA MECÂNICA DE VOLTA REDONDA;1066;Desativado
SMT/VEI;SECRETARIA ADMINISTRATIVA DO DEPARTAMENTO DE ENGENHARIA METALÚRGICA;1062;Desativado
SEQ/TCE;SECRETARIA ADMINISTRATIVA DO DEPARTAMENTO DE ENGENHARIA QUÍMICA;796;Desativado
SA/MEB;SECRETARIA ADMINISTRATIVA DO DEPARTAMENTO DE EPIDEMIOLOGIA E BIOESTATÍSTICA;1980;Desativado
SEB/CMS;SECRETARIA ADMINISTRATIVA DO DEPARTAMENTO DE EPIDEMIOLOGIA E BIOESTATÍSTICA;398;Desativado
SET/EGM;SECRETARIA ADMINISTRATIVA DO DEPARTAMENTO DE ESTATÍSTICA;640;Desativado
SAF/CMF;SECRETARIA ADMINISTRATIVA DO DEPARTAMENTO DE FARMÁCIA E ADMINISTRAÇÃO FARMACÊUTICA;338;Desativado
SFL/EGH;SECRETARIA ADMINISTRATIVA DO DEPARTAMENTO DE FILOSOFIA;598;Desativado
SFI/EGF;SECRETARIA ADMINISTRATIVA DO DEPARTAMENTO DE FÍSICA;609;Desativado
SFI/VFI;SECRETARIA ADMINISTRATIVA DO DEPARTAMENTO DE FÍSICA DO INSTITUTO DE CIÊNCIAS EXATAS  DE VR;1260;Desativado
SFQ/EGQ;SECRETARIA ADMINISTRATIVA DO DEPARTAMENTO DE FISICO-QUÍMICA;652;Desativado
SFL/CMB;SECRETARIA ADMINISTRATIVA DO DEPARTAMENTO DE FISIOLOGIA;382;Desativado
CFE/CMO;SECRETARIA ADMINISTRATIVA DO DEPARTAMENTO DE FORMACAO ESPECIFICA;1800;Desativado
SAFC/ESR;SECRETARIA ADMINISTRATIVA DO DEPARTAMENTO DE FUNDAMENTOS DE CIÊNCIAS DA SOCIEDADE;905;Ativo
SFE/CME;SECRETARIA ADMINISTRATIVA DO DEPARTAMENTO DE FUNDAMENTOS DE ENFERMAGEM E ADMINISTRAÇÃO;329;Desativado
SAFP/ESE;SECRETARIA ADMINISTRATIVA DO DEPARTAMENTO DE FUNDAMENTOS PEDAGÓGICOS;705;Desativado
SGE/EGG;SECRETARIA ADMINISTRATIVA DO DEPARTAMENTO DE GEOGRAFIA;616;Desativado
SGO/EGG;SECRETARIA ADMINISTRATIVA DO DEPARTAMENTO DE GEOLOGIA E GEOFÍSICA;618;Desativado
SGM/EGM;SECRETARIA ADMINISTRATIVA DO DEPARTAMENTO DE GEOMETRIA;636;Desativado
SEO/EGQ;SECRETARIA ADMINISTRATIVA DO DEPARTAMENTO DE GEOQUÍMICA;654;Desativado
SA/GHT;SECRETARIA ADMINISTRATIVA DO DEPARTAMENTO DE HISTÓRIA;592;Desativado
SIM/EGB;SECRETARIA ADMINISTRATIVA DO DEPARTAMENTO DE IMUNOBIOLOGIA;584;Desativado
SLC/EGL;SECRETARIA ADMINISTRATIVA DO DEPARTAMENTO DE LETRAS CLÁSSICAS E  VERNÁCULAS;625;Desativado
SLE/EGL;SECRETARIA ADMINISTRATIVA DO DEPARTAMENTO DE LETRAS ESTRANGEIRAS MODERNAS;627;Em Desativação
SLF/EGL;SECRETARIA ADMINISTRATIVA DO DEPARTAMENTO DE LINGUÍSTICA E FILOLOGIA;622;Desativado
SLT/EGL;SECRETARIA ADMINISTRATIVA DO DEPARTAMENTO DE LITERATURA;623;Desativado
SMA/EGM;SECRETARIA ADMINISTRATIVA DO DEPARTAMENTO DE MATEMÁTICA APLICADA;638;Desativado
SMA/VMA;SECRETARIA ADMINISTRATIVA DO DEPARTAMENTO DE MATEMÁTICA DO INSTITUTO DE CIÊNCIAS EXATAS  DE VR;1258;Desativado
SMC/CMM;SECRETARIA ADMINISTRATIVA DO DEPARTAMENTO DE MEDICINA CLÍNICA;353;Bloqueado
SMI/TCM;SECRETARIA ADMINISTRATIVA DO DEPARTAMENTO DE METALURGIA INDUSTRIAL;804;Desativado
SMO/CMB;SECRETARIA ADMINISTRATIVA DO DEPARTAMENTO DE MORFOLOGIA;386;Desativado
SNE/EGB;SECRETARIA ADMINISTRATIVA DO DEPARTAMENTO DE NEUROBIOLOGIA;586;Desativado
SND/CMN;SECRETARIA ADMINISTRATIVA DO DEPARTAMENTO DE NUTRIÇÃO E DIETÉTICA;391;Desativado
SNS/CMN;SECRETARIA ADMINISTRATIVA DO DEPARTAMENTO DE NUTRIÇÃO SOCIAL;393;Desativado
SOC/CMO;SECRETARIA ADMINISTRATIVA DO DEPARTAMENTO DE ODONTOCLÍNICA;363;Desativado
SOT/CMO;SECRETARIA ADMINISTRATIVA DO DEPARTAMENTO DE ODONTOTÉCNICA;365;Desativado
SPT/CMM;SECRETARIA ADMINISTRATIVA DO DEPARTAMENTO DE PATOLOGIA;356;Desativado
SCV/CMV;SECRETARIA ADMINISTRATIVA DO DEPARTAMENTO DE PATOLOGIA E CLÍNICA VETERINÁRIA;371;Desativado
SA/DP;SECRETARIA ADMINISTRATIVA DO DEPARTAMENTO DE PESSOAL;;Desativado
SPS/CMS;SECRETARIA ADMINISTRATIVA DO DEPARTAMENTO DE PLANEJAMENTO EM SAÚDE;402;Desativado
SAPP/ESD;SECRETARIA ADMINISTRATIVA DO DEPARTAMENTO DE PROCESSUALÍSTICA E PRÁTICA FORENSE;700;Desativado
SSI/EGH;SECRETARIA ADMINISTRATIVA DO DEPARTAMENTO DE PSICOLOGIA;600;Desativado
SA/VPS;SECRETARIA ADMINISTRATIVA DO DEPARTAMENTO DE PSICOLOGIA DE VOLTA REDONDA;1466;Desativado
SSM/CMS;SECRETARIA ADMINISTRATIVA DO DEPARTAMENTO DE PSIQUIATRIA E SAÚDE MENTAL;404;Desativado
SQA/EGQ;SECRETARIA ADMINISTRATIVA DO DEPARTAMENTO DE QUÍMICA ANALITICA;646;Desativado
SQI/VQI;SECRETARIA ADMINISTRATIVA DO DEPARTAMENTO DE QUÍMICA DO INSTITUTO DE CIÊNCIAS EXATAS  DE VR;1256;Desativado
SQI/EGQ;SECRETARIA ADMINISTRATIVA DO DEPARTAMENTO DE QUÍMICA GERAL E INORGÂNICA;648;Desativado
SQO/EGQ;SECRETARIA ADMINISTRATIVA DO DEPARTAMENTO DE QUÍMICA ORGÂNICA;650;Desativado
SRD/CMM;SECRETARIA ADMINISTRATIVA DO DEPARTAMENTO DE RADIOLOGIA;358;Desativado
SSV/CMV;SECRETARIA ADMINISTRATIVA DO DEPARTAMENTO DE SAÚDE COLETIVA VETERINÁRIA E SAÚDE PÚBLICA;908;Desativado
SSC/CMM;SECRETARIA ADMINISTRATIVA DO DEPARTAMENTO DE SAÚDE DA COMUNIDADE;;Desativado
SSS/CMS;SECRETARIA ADMINISTRATIVA DO DEPARTAMENTO DE SAÚDE EM SOCIEDADE;400;Desativado
SASN/ESS;SECRETARIA ADMINISTRATIVA DO DEPARTAMENTO DE SERVIÇO SOCIAL;691;Desativado
SASC/ESR;SECRETARIA ADMINISTRATIVA DO DEPARTAMENTO DE SERVIÇO SOCIAL DE CAMPOS;823;Desativado
SASC/ESS;SECRETARIA ADMINISTRATIVA DO DEPARTAMENTO DE SERVIÇO SOCIAL DE CAMPOS - ESS;;Desativado
SASE/ESE;"SECRETARIA ADMINISTRATIVA DO DEPARTAMENTO DE SOCIEDADE; EDUCAÇÃO E CONHECIMENTO";707;Desativado
SSO/EGH;SECRETARIA ADMINISTRATIVA DO DEPARTAMENTO DE SOCIOLOGIA E METODOLOGIA EM CIÊNCIAS SOCIAIS;602;Desativado
STA/CMV;SECRETARIA ADMINISTRATIVA DO DEPARTAMENTO DE TECNOLOGIA DOS ALIMENTOS;373;Desativado
STC/CMF;SECRETARIA ADMINISTRATIVA DO DEPARTAMENTO DE TECNOLOGIA FARMACÊUTICA;342;Desativado
SAAE/ESE;SECRETARIA ADMINISTRATIVA DO DEPARTAMENTO DE TEORIA E PRÁTICA DE ADMINISTRAÇÃO ESCOLAR;;Desativado
SAPE/ESE;SECRETARIA ADMINISTRATIVA DO DEPARTAMENTO DE TEORIA E PRÁTICA DE ENSINO;;Desativado
SAOE/ESE;SECRETARIA ADMINISTRATIVA DO DEPARTAMENTO DE TEORIA E PRÁTICA DE ORIENTAÇÃO EDUCACIONAL E VOCACIONAL;;Desativado
SSTT/FTH;SECRETARIA ADMINISTRATIVA DO DEPARTAMENTO DE TURISMO;968;Desativado
SUR/TCA;SECRETARIA ADMINISTRATIVA DO DEPARTAMENTO DE URBANISMO;781;Desativado
SZO/CMV;SECRETARIA ADMINISTRATIVA DO DEPARTAMENTO DE ZOOTECNIA;375;Desativado
SA/RIR;SECRETARIA ADMINISTRATIVA DO DEPARTAMENTO INTERDISCIPLINAR DE RIO DAS OSTRAS;1029;Ativo
SMI/CMM;SECRETARIA ADMINISTRATIVA DO DEPARTAMENTO MATERNO-INFANTIL;351;Desativado
SIP/CMB;SECRETARIA ADMINISTRATIVA DO DEPARTAMENTO MICROBIOLOGIA E PARASITOLOGIA;384;Desativado
SA/VMD;SECRETARIA ADMINISTRATIVA DO DEPARTAMENTO MULTIDISCIPLINAR DE VOLTA REDONDA;1468;Desativado
SA/GAR;SECRETARIA ADMINISTRATIVA DO GABINETE;45;Desativado
SSI/GSI;SECRETARIA ADMINISTRATIVA DO GSI;1965;Ativo
SA/CMB;SECRETARIA ADMINISTRATIVA DO INSTITUTO BIOMÉDICO;380;Desativado
SA/EGA;SECRETARIA ADMINISTRATIVA DO INSTITUTO DE ARTE E COMUNICAÇÃO SOCIAL;566;Desativado
SA/EGB;SECRETARIA ADMINISTRATIVA DO INSTITUTO DE BIOLOGIA;577;Desativado
SA/ESR;SECRETARIA ADMINISTRATIVA DO INSTITUTO DE CIÊNCIAS DA SOCIEDADE E DESENVOLVIMENTO REGIONAL;822;Desativado
SA/EGH;SECRETARIA ADMINISTRATIVA DO INSTITUTO DE CIÊNCIAS HUMANAS E FILOSOFIA;590;Desativado
SA/VCH;SECRETARIA ADMINISTRATIVA DO INSTITUTO DE CIÊNCIAS HUMANAS E SOCIAIS DE VOLTA REDONDA;2342;Ativo
SA/TIC;SECRETARIA ADMINISTRATIVA DO INSTITUTO DE COMPUTAÇÃO;807;Desativado
SEF/IEF;SECRETARIA ADMINISTRATIVA DO INSTITUTO DE EDUCAÇÃO FÍSICA;1135;Desativado
SA/IET;SECRETARIA ADMINISTRATIVA DO INSTITUTO DE ESTUDOS ESTRATÉGICOS;1795;Desativado
SA/EGF;SECRETARIA ADMINISTRATIVA DO INSTITUTO DE FÍSICA;607;Desativado
SA/EGG;SECRETARIA ADMINISTRATIVA DO INSTITUTO DE GEOCIÊNCIAS;612;Desativado
SA/IHT;SECRETARIA ADMINISTRATIVA DO INSTITUTO DE HISTÓRIA;2095;Desativado
SA/EGL;SECRETARIA ADMINISTRATIVA DO INSTITUTO DE LETRAS;621;Desativado
SA/EGM;SECRETARIA ADMINISTRATIVA DO INSTITUTO DE MATEMÁTICA;632;Desativado
SA/IPS;SECRETARIA ADMINISTRATIVA DO INSTITUTO DE PSICOLOGIA;2021;Desativado
SA/EGQ;SECRETARIA ADMINISTRATIVA DO INSTITUTO DE QUÍMICA;644;Desativado
SA/ISC;SECRETARIA ADMINISTRATIVA DO INSTITUTO DE SAÚDE COLETIVA;1974;Desativado
SA/CMS;SECRETARIA ADMINISTRATIVA DO INSTITUTO DE SAÚDE DA COMUNIDADE;396;Desativado
SA/INF;SECRETARIA ADMINISTRATIVA DO INSTITUTO NOROESTE FLUMINENSE DE EDUACAÇÃO SUPERIOR;1811;Desativado
SA/LU;SECRETARIA ADMINISTRATIVA DO LABORATÓRIO UNIVERSITÁRIO RODOLPHO ALBINO;407;Desativado
SA/NAV;SECRETARIA ADMINISTRATIVA DO NÚCLEO AUDIOVISUAL;71;Desativado
SA/NUCS;SECRETARIA ADMINISTRATIVA DO NÚCLEO DE COMUNICAÇÃO SOCIAL;910;Desativado
SA/NDC;SECRETARIA ADMINISTRATIVA DO NÚCLEO DE DOCUMENTAÇÃO;89;Desativado
SA/NPD;SECRETARIA ADMINISTRATIVA DO NÚCLEO DE PROCESSAMENTO DE DADOS;0;Desativado
SA/EDUFF*;SECRETARIA ADMINISTRATIVA DO NÚCLEO EDITORA DA UFF;110;Desativado
SA/PATAE;SECRETARIA ADMINISTRATIVA DO PROGRAMA DE ASSISTÊNCIA TÉCNICA E  ASSESSORIA EMPRESARIAL;;Desativado
SA/SPA;SECRETARIA ADMINISTRATIVA DO SERVIÇO DE PSICOLOGIA APLICADA;2027;Desativado
SAG/VCX;SECRETARIA ADMINISTRATIVA DOS CURSOS DE GRADUAÇÃO DO INSTITUTO DE CIÊNCIAS EXATAS  DE VR;1887;Desativado
SPG/VCX;SECRETARIA ADMINISTRATIVA DOS CURSOS DE PÓS-GRADUAÇÃO DO INSTITUTO DE CIÊNCIAS EXATAS  DE VR;1888;Desativado
SAD/VCX;SECRETARIA ADMINISTRATIVA DOS DEPARTAMENTOS DE ENSINO DO INSTITUTO DE CIÊNCIAS EXATAS  DE VR;1886;Desativado
SAF/GEPE;SECRETARIA ADMINISTRATIVA E FINANCEIRA;2286;Ativo
SA/IEAR;SECRETARIA ADMINISTRATIVADO INSTITUTO DE EDUCAÇÃO DE ANGRA DOS REIS;1218;Desativado
SA/AIN;SECRETARIA DA ASSESSORIA DE INTERIORIZAÇÃO;1439;Desativado
SEV/CTC;SECRETARIA DA COORDENAÇÃO DE EXTENSÃO DA ESCOLA INDUSTRIAL DE VOLTA REDONDA;765;Desativado
SP/PARQ;SECRETARIA DA COORDENAÇÃO DE PÓS GRADUÇÃO  EM ARQUITETURA E URBANISMO;1797;Desativado
SPGF/CCM;SECRETARIA DA COORDENAÇÃO DE PÓS-GRADUAÇÃO DA FACULDADE DE FARMÁCIA;1012;Desativado
SP/PEE;SECRETARIA DA COORDENAÇÃO DO  CURSO DE ESTUDOS ESTRATÉGICOS DA DEFESA E DA SEGURANÇA;1277;Desativado
SP/PCP;SECRETARIA DA COORDENAÇÃO DO CURSO DE   PÓS-GRADUAÇÃO EM CIÊNCIA POLÍTICA;1838;Desativado
SCEI/CES;SECRETARIA DA COORDENAÇÃO DO CURSO DE EMPREENDEDORISMO E INOVAÇÃO;1120;Desativado
SEG/CTC;SECRETARIA DA COORDENAÇÃO DO CURSO DE ESPECIALIZAÇÃO EM GERÊNCIA DE TECNOLOGIA DA COMPUTAÇÃO;771;Desativado
SGX/CEG;SECRETARIA DA COORDENACAO DO CURSO DE GRADUACAO DE CINEMA E AUDIO VISUAL;1133;Desativado
SCGA/CES;SECRETARIA DA COORDENAÇÃO DO CURSO DE GRADUAÇÃO EM ADMINISTRAÇÃO;663;Desativado
SGS/CTC;SECRETARIA DA COORDENAÇÃO DO CURSO DE GRADUAÇÃO EM ADMINISTRAÇÃO DE EMPRESAS;0;Desativado
SCGD/VCH;SECRETARIA DA COORDENAÇÃO DO CURSO DE GRADUAÇÃO EM ADMINISTRAÇÃO DE VOLTA REDONDA;1077;Desativado
SGA/CTC;SECRETARIA DA COORDENAÇÃO DO CURSO DE GRADUAÇÃO EM ARQUITETURA E URBANISMO;733;Desativado
SGA/CEG;SECRETARIA DA COORDENAÇÃO DO CURSO DE GRADUAÇÃO EM ARQUIVOLOGIA;517;Desativado
SGB/CEG;SECRETARIA DA COORDENAÇÃO DO CURSO DE GRADUAÇÃO EM BIBLIOTECONOMIA E DOCUMENTAÇÃO;515;Desativado
SGB/CCM;SECRETARIA DA COORDENAÇÃO DO CURSO DE GRADUAÇÃO EM BIOMEDICINA;1543;Desativado
SGI/CTC;SECRETARIA DA COORDENAÇÃO DO CURSO DE GRADUAÇÃO EM CIÊNCIA DA COMPUTAÇÃO;767;Desativado
SA/RGC;SECRETARIA DA COORDENAÇÃO DO CURSO DE GRADUAÇÃO EM CIÊNCIA DA COMPUTAÇÃO DE RIO DAS OSTRAS;1033;Desativado
SGN/CEG;SECRETARIA DA COORDENAÇÃO DO CURSO DE GRADUAÇÃO EM CIÊNCIAS BIOLÓGICAS;1148;Desativado
SCGC/CES;SECRETARIA DA COORDENAÇÃO DO CURSO DE GRADUAÇÃO EM CIÊNCIAS CONTÁBEIS;673;Desativado
SCGC/VGC;SECRETARIA DA COORDENAÇÃO DO CURSO DE GRADUAÇÃO EM CIÊNCIAS CONTÁBEIS DE VOLTA REDONDA;1870;Desativado
SCGE/CES;SECRETARIA DA COORDENAÇÃO DO CURSO DE GRADUAÇÃO EM CIÊNCIAS ECONÔMICAS;665;Desativado
SGS/CEG;SECRETARIA DA COORDENAÇÃO DO CURSO DE GRADUAÇÃO EM CIÊNCIAS SOCIAIS;525;Desativado
SGC/CEG;SECRETARIA DA COORDENAÇÃO DO CURSO DE GRADUAÇÃO EM COMUNICAÇÃO SOCIAL;519;Desativado
SCGD/CES;SECRETARIA DA COORDENAÇÃO DO CURSO DE GRADUAÇÃO EM DIREITO;667;Desativado
SGJ/CEG;SECRETARIA DA COORDENAÇÃO DO CURSO DE GRADUAÇÃO EM EDUCAÇÃO FÍSICA;1137;Desativado
SA/RGE;SECRETARIA DA COORDENAÇÃO DO CURSO DE GRADUAÇÃO EM ENFERMAGEM DE RIO DAS OSTRAS;1037;Desativado
SGE/CCM;SECRETARIA DA COORDENAÇÃO DO CURSO DE GRADUAÇÃO EM ENFERMAGEM E OBSTETRÍCIA;265;Ativo
SGG/CTC;SECRETARIA DA COORDENAÇÃO DO CURSO DE GRADUAÇÃO EM ENGENHARIA;745;Desativado
SGR/CTC;SECRETARIA DA COORDENAÇÃO DO CURSO DE GRADUAÇÃO EM ENGENHARIA  AGRÍCOLA;749;Desativado
SGC/CTC;SECRETARIA DA COORDENAÇÃO DO CURSO DE GRADUAÇÃO EM ENGENHARIA CIVIL;735;Desativado
SCGA/VEI;SECRETARIA DA COORDENAÇÃO DO CURSO DE GRADUAÇÃO EM ENGENHARIA DE AGRONEGÓCIOS DE VOLTA REDONDA;1072;Desativado
SGO/CTC;SECRETARIA DA COORDENAÇÃO DO CURSO DE GRADUAÇÃO EM ENGENHARIA DE PETRÓLEO;1139;Desativado
SGP/CTC;SECRETARIA DA COORDENAÇÃO DO CURSO DE GRADUAÇÃO EM ENGENHARIA DE PRODUÇÃO;747;Desativado
SA/RGN;SECRETARIA DA COORDENAÇÃO DO CURSO DE GRADUAÇÃO EM ENGENHARIA DE PRODUÇÃO DE RIO DAS OSTRAS;1035;Desativado
SCGP/VEI;SECRETARIA DA COORDENAÇÃO DO CURSO DE GRADUAÇÃO EM ENGENHARIA DE PRODUÇÃO DE VOLTA REDONDA;1070;Desativado
SGD/CTC;SECRETARIA DA COORDENAÇÃO DO CURSO DE GRADUAÇÃO EM ENGENHARIA DE PRODUÇÃO DE VOLTA REDONDA (CTC);0;Desativado
SGH/CTC;SECRETARIA DA COORDENAÇÃO DO CURSO DE GRADUAÇÃO EM ENGENHARIA DE RECURSOS HÍDRICOS E DO MEIO AMBIENTE;1141;Desativado
SGT/CTC;SECRETARIA DA COORDENAÇÃO DO CURSO DE GRADUAÇÃO EM ENGENHARIA DE TELECOMUNICAÇÕES;753;Desativado
SGE/CTC;SECRETARIA DA COORDENAÇÃO DO CURSO DE GRADUAÇÃO EM ENGENHARIA ELÉTRICA;737;Desativado
SGM/CTC;SECRETARIA DA COORDENAÇÃO DO CURSO DE GRADUAÇÃO EM ENGENHARIA MECÂNICA;739;Desativado
SCGM/VEI;SECRETARIA DA COORDENAÇÃO DO CURSO DE GRADUAÇÃO EM ENGENHARIA MECÂNICA DE VOLTA REDONDA;1068;Desativado
SGN/CTC;SECRETARIA DA COORDENAÇÃO DO CURSO DE GRADUAÇÃO EM ENGENHARIA MECÂNICA DE VOLTA REDONDA (CTC);0;Desativado
SGV/CTC;SECRETARIA DA COORDENAÇÃO DO CURSO DE GRADUAÇÃO EM ENGENHARIA METALÚRGICA;0;Desativado
SCGE/VEI;SECRETARIA DA COORDENAÇÃO DO CURSO DE GRADUAÇÃO EM ENGENHARIA METALÚRGICA DE VOLTA REDONDA;741;Desativado
SGQ/CTC;SECRETARIA DA COORDENAÇÃO DO CURSO DE GRADUAÇÃO EM ENGENHARIA QUÍMICA;743;Desativado
SGB/CTC;SECRETARIA DA COORDENAÇÃO DO CURSO DE GRADUAÇÃO EM ENGENHARIA-CICLO BÁSICO;751;Desativado
SGV/CEG;SECRETARIA DA COORDENAÇÃO DO CURSO DE GRADUAÇÃO EM ESTATÍSTICA;1143;Desativado
SEC/GGD;SECRETARIA DA COORDENAÇÃO DO CURSO DE GRADUAÇÃO EM ESTUDOS DE MIDIA;963;Desativado
SGF/CCM;SECRETARIA DA COORDENAÇÃO DO CURSO DE GRADUAÇÃO EM FARMÁCIA;267;Desativado
SGY/CEG;SECRETARIA DA COORDENACAO DO CURSO DE GRADUACAO EM FILOSOFIA;1128;Desativado
SGF/CEG;SECRETARIA DA COORDENAÇÃO DO CURSO DE GRADUAÇÃO EM FÍSICA;529;Desativado
SG/SGF;SECRETARIA DA COORDENAÇÃO DO CURSO DE GRADUAÇÃO EM FÍSICA DE SANTO ANTONIO PÁDUA;1814;Desativado
SGU/CEG;SECRETARIA DA COORDENAÇÃO DO CURSO DE GRADUAÇÃO EM GEOFÍSICA;962;Desativado
SGG/CEG;SECRETARIA DA COORDENAÇÃO DO CURSO DE GRADUAÇÃO EM GEOGRAFIA;539;Desativado
SGH/CEG;SECRETARIA DA COORDENAÇÃO DO CURSO DE GRADUAÇÃO EM HISTÓRIA;523;Desativado
SGI/CEG;SECRETARIA DA COORDENAÇÃO DO CURSO DE GRADUAÇÃO EM INFORMÁTICA - CEG;533;Desativado
SGL/GGL;SECRETARIA DA COORDENAÇÃO DO CURSO DE GRADUAÇÃO EM LETRAS;531;Desativado
SG/GLD;"SECRETARIA DA COORDENAÇÃO DO CURSO DE GRADUAÇÃO EM LETRAS ; LICENCIATURA Á DISTÂNCIA";0;Desativado
SLD/EGL;SECRETARIA DA COORDENACAO DO CURSO DE GRADUACAO EM LETRAS EAD;2291;Desativado
SGT/CEG;SECRETARIA DA COORDENAÇÃO DO CURSO DE GRADUAÇÃO EM MATEMÁTICA;535;Desativado
SGM/CCM;SECRETARIA DA COORDENAÇÃO DO CURSO DE GRADUAÇÃO EM MEDICINA;269;Desativado
SGV/CCM;SECRETARIA DA COORDENAÇÃO DO CURSO DE GRADUAÇÃO EM MEDICINA VETERINÁRIA;273;Ativo
SGN/CCM;SECRETARIA DA COORDENAÇÃO DO CURSO DE GRADUAÇÃO EM NUTRIÇÃO;275;Desativado
SGO/CCM;SECRETARIA DA COORDENAÇÃO DO CURSO DE GRADUAÇÃO EM ODONTOLOGIA;271;Desativado
MGD/CCM;SECRETARIA DA COORDENACAO DO CURSO DE GRADUACAO EM ODONTOLOGIA DE NOVA FRIBURGO;1131;Desativado
SCGP/CES;SECRETARIA DA COORDENAÇÃO DO CURSO DE GRADUAÇÃO EM PEDAGOGIA;669;Desativado
SCGG/CES;SECRETARIA DA COORDENAÇÃO DO CURSO DE GRADUAÇÃO EM PEDAGOGIA DE ANGRA DOS REIS;1145;Desativado
SGR/CEG;SECRETARIA DA COORDENAÇÃO DO CURSO DE GRADUAÇÃO EM PRODUÇÃO CULTURAL;521;Desativado
SA/RGP;SECRETARIA DA COORDENAÇÃO DO CURSO DE GRADUAÇÃO EM PRODUÇÃO CULTURAL DE RIO DAS OSTRAS;1041;Desativado
SGP/IPS;SECRETARIA DA COORDENAÇÃO DO CURSO DE GRADUAÇÃO EM PSICOLOGIA;527;Desativado
SA/RGI;SECRETARIA DA COORDENAÇÃO DO CURSO DE GRADUAÇÃO EM PSICOLOGIA DE RIO DAS OSTRAS;1043;Desativado
SGQ/CEG;SECRETARIA DA COORDENAÇÃO DO CURSO DE GRADUAÇÃO EM QUÍMICA;537;Desativado
SA/GGZ;SECRETARIA DA COORDENACAO DO CURSO DE GRADUACAO EM RELACOES INTERNACIONAIS;1126;Desativado
SCGS/CES;SECRETARIA DA COORDENAÇÃO DO CURSO DE GRADUAÇÃO EM SERVIÇO SOCIAL;671;Desativado
SCGM/CES;SECRETARIA DA COORDENAÇÃO DO CURSO DE GRADUAÇÃO EM SERVIÇO SOCIAL DE CAMPOS;675;Desativado
SA/RGS;SECRETARIA DA COORDENAÇÃO DO CURSO DE GRADUAÇÃO EM SERVIÇO SOCIAL DE RIO DAS OSTRAS;1039;Desativado
SCGT/CES;SECRETARIA DA COORDENAÇÃO DO CURSO DE GRADUAÇÃO EM TURISMO;1860;Desativado
SP/PCS;SECRETARIA DA COORDENAÇÃO DO CURSO DE PÓS-GRADUAÇÃO  EM ENFERMAGEM-CIÊNCIAS DO CUIDADO EM SAÚDE;1868;Desativado
SCPD/CES;SECRETARIA DA COORDENAÇÃO DO CURSO DE PÓS-GRADUAÇÃO EM ADMINISTRAÇÃO;677;Desativado
SPA/CCM;SECRETARIA DA COORDENAÇÃO DO CURSO DE PÓS-GRADUAÇÃO EM ANATOMIA PATOLÓGICA;297;Desativado
SPA/GPA;SECRETARIA DA COORDENAÇÃO DO CURSO DE PÓS-GRADUAÇÃO EM ANTROPLOGIA;1837;Desativado
SAC/EGH;SECRETARIA DA COORDENAÇÃO DO CURSO DE PÓS-GRADUAÇÃO EM ANTROPOLOGIA E CIÊNCIA POLÍTICA;605;Desativado
SPL/CCM;SECRETARIA DA COORDENAÇÃO DO CURSO DE PÓS-GRADUAÇÃO EM CARDIOLOGIA;289;Desativado
SP/PPCA;SECRETARIA DA COORDENAÇÃO DO CURSO DE PÓS-GRADUAÇÃO EM CIÊNCIA DA ARTE;1806;Desativado
SPB/CTC;SECRETARIA DA COORDENAÇÃO DO CURSO DE PÓS-GRADUAÇÃO EM CIÊNCIA DA COMPUTAÇÃO;769;Desativado
SP/PPCI;SECRETARIA DA COORDENAÇÃO DO CURSO DE PÓS-GRADUAÇÃO EM CIÊNCIA DA INFORMAÇÃO;1807;Desativado
SP/PCII;SECRETARIA DA COORDENAÇÃO DO CURSO DE PÓS-GRADUAÇÃO EM CIÊNCIA DA INFORMAÇÃO- IBICT;1805;Desativado
SPC/GPC;SECRETARIA DA COORDENAÇÃO DO CURSO DE PÓS-GRADUAÇÃO EM CIÊNCIA POLÍTICA;;Desativado
SP/PAP;SECRETARIA DA COORDENAÇÃO DO CURSO DE PÓS-GRADUAÇÃO EM CIÊNCIAS APLICADAS A PRODUTOS  PARA SAÚDE;1266;Desativado
SPY/CCM;SECRETARIA DA COORDENAÇÃO DO CURSO DE PÓS-GRADUAÇÃO EM CIRURGIA;311;Desativado
SPG/CCM;SECRETARIA DA COORDENAÇÃO DO CURSO DE PÓS-GRADUAÇÃO EM CIRURGIA GASTROENTEROLÓGICA;295;Desativado
SPR/CCM;SECRETARIA DA COORDENAÇÃO DO CURSO DE PÓS-GRADUAÇÃO EM CIRURGIA TORÁXICA;293;Desativado
SPU/CCM;SECRETARIA DA COORDENAÇÃO DO CURSO DE PÓS-GRADUAÇÃO EM CIRURGIA VETERINÁRIA;305;Desativado
SPA/CTC;SECRETARIA DA COORDENAÇÃO DO CURSO DE PÓS-GRADUAÇÃO EM COMPUTAÇÃO APLICADA E AUTOMAÇÃO;759;Desativado
SP/PCO;SECRETARIA DA COORDENAÇÃO DO CURSO DE PÓS-GRADUAÇÃO EM COMUNICAÇÃO;1808;Desativado
SP/PDS;SECRETARIA DA COORDENAÇÃO DO CURSO DE PÓS-GRADUAÇÃO EM DEFESA E SEGURANÇA CIVIL;1279;Desativado
SPD/CCM;SECRETARIA DA COORDENAÇÃO DO CURSO DE PÓS-GRADUAÇÃO EM DERMATOLOGIA;285;Desativado
SPF/CCM;SECRETARIA DA COORDENAÇÃO DO CURSO DE PÓS-GRADUAÇÃO EM DOENÇAS INFECCIOSAS E PARASITÁRIAS;315;Desativado
SP/PEC;SECRETARIA DA COORDENAÇÃO DO CURSO DE ´PÓS-GRADUAÇÃO EM ECONOMIA;0;Desativado
SCPC/CES;SECRETARIA DA COORDENAÇÃO DO CURSO DE PÓS-GRADUAÇÃO EM ECONOMIA;679;Desativado
SCPU/CES;SECRETARIA DA COORDENAÇÃO DO CURSO DE PÓS-GRADUAÇÃO EM EDUCAÇÃO;681;Desativado
SP/PEA;SECRETARIA DA COORDENAÇÃO DO CURSO DE PÓS-GRADUAÇÃO EM ENFERMAGEM ASSISTENCIAL;1867;Desativado
SPC/CTC;SECRETARIA DA COORDENAÇÃO DO CURSO DE PÓS-GRADUAÇÃO EM ENGENHARIA CIVIL;755;Desativado
SPP/CTC;SECRETARIA DA COORDENAÇÃO DO CURSO DE PÓS-GRADUAÇÃO EM ENGENHARIA DA PRODUÇÃO;757;Desativado
SPN/CTC;SECRETARIA DA COORDENAÇÃO DO CURSO DE PÓS-GRADUAÇÃO EM ENGENHARIA MECÂNICA;761;Desativado
SPE/CTC;SECRETARIA DA COORDENAÇÃO DO CURSO DE PÓS-GRADUAÇÃO EM ENGENHARIA METALÚRGICA;0;Desativado
SCPM/VEI;SECRETARIA DA COORDENAÇÃO DO CURSO DE PÓS-GRADUAÇÃO EM ENGENHARIA METALÚRGICA DE VOLTA REDONDA;763;Desativado
SP/PEQ;SECRETARIA DA COORDENAÇÃO DO CURSO DE PÓS-GRADUAÇÃO EM ENGENHARIA QUÍMICA;1278;Desativado
SP/PLG;SECRETARIA DA COORDENAÇÃO DO CURSO DE PÓS-GRADUAÇÃO EM ESTUDOS DE LINGUAGEM;1472;Desativado
SP/PLT;SECRETARIA DA COORDENAÇÃO DO CURSO DE PÓS-GRADUAÇÃO EM ESTUDOS DE LITERATURA;1470;Desativado
SP/PFI;SECRETARIA DA COORDENAÇÃO DO CURSO DE PÓS-GRADUAÇÃO EM FILOSOFIA(STRICTO SENSU);1846;Desativado
SPF/CEG;SECRETARIA DA COORDENAÇÃO DO CURSO DE PÓS-GRADUAÇÃO EM FÍSICA;543;Desativado
SP/PGE;SECRETARIA DA COORDENAÇÃO DO CURSO DE PÓS-GRADUAÇÃO EM GEOGRAFIA;1236;Desativado
SPS/CEG;SECRETARIA DA COORDENAÇÃO DO CURSO DE PÓS-GRADUAÇÃO EM GEOLOGIA E GEOFÍSICA MARINHA;;Desativado
SPG/CEG;SECRETARIA DA COORDENAÇÃO DO CURSO DE PÓS-GRADUAÇÃO EM GEOQUÍMICA;545;Desativado
SP/PHI;SECRETARIA DA COORDENAÇÃO DO CURSO DE PÓS-GRADUAÇÃO EM HIGIENE INSPEÇÃO E TECN.ALIM.DE ORIGEM ANIMAL;1810;Desativado
SPH/CCM;SECRETARIA DA COORDENAÇÃO DO CURSO DE PÓS-GRADUAÇÃO EM HIGIENE VETERINÁRIA E PROCESSAMENTO TECNOLÓGICO DE ALIMENTOS DE ORIGEM ANIMAL;307;Desativado
SPH/CEG;SECRETARIA DA COORDENAÇÃO DO CURSO DE PÓS-GRADUAÇÃO EM HISTÓRIA;547;Desativado
SIA/CMV;SECRETARIA DA COORDENAÇÃO DO CURSO DE PÓS-GRADUAÇÃO EM IRRADIAÇÃO DE ALIMENTOS;378;Desativado
SP/PJA;SECRETARIA DA COORDENAÇÃO DO CURSO DE ´PÓS-GRADUAÇÃO EM JUSTIÇA ADMINISTRATIVA;1241;Desativado
SPL/CEG;SECRETARIA DA COORDENAÇÃO DO CURSO DE PÓS-GRADUAÇÃO EM LETRAS;549;Desativado
SPM/CEG;SECRETARIA DA COORDENAÇÃO DO CURSO DE PÓS-GRADUAÇÃO EM MATEMÁTICA;551;Desativado
SPM/CCM;SECRETARIA DA COORDENAÇÃO DO CURSO DE PÓS-GRADUAÇÃO EM MEDICINA;277;Desativado
SPK/CCM;SECRETARIA DA COORDENAÇÃO DO CURSO DE PÓS-GRADUAÇÃO EM MEDICINA CLÍNICA;309;Desativado
SPV/CCM;"SECRETARIA DA COORDENAÇÃO DO CURSO DE PÓS-GRADUAÇÃO EM MEDICINA VETERINÁRIA; CLÍNICA E REPRODUÇÃO";279;Ativo
SC/PM;SECRETARIA DA COORDENAÇÃO DO CURSO DE PÓS-GRADUAÇÃO EM METODOLOGIA DO SERVIÇO SOCIAL;;Desativado
SP/PMP;SECRETARIA DA COORDENAÇÃO DO CURSO DE PÓS-GRADUAÇÃO EM MICROBIOLOGIA E PARASITOLOGIA APLICADA;1276;Desativado
SP/PNI;SECRETARIA DA COORDENAÇÃO DO CURSO DE PÓS-GRADUAÇÃO EM NEUROIMUNOLOGIA;1275;Desativado
SPN/CCM;SECRETARIA DA COORDENAÇÃO DO CURSO DE PÓS-GRADUAÇÃO EM NEUROLOGIA;291;Desativado
SPO/CCM;SECRETARIA DA COORDENAÇÃO DO CURSO DE PÓS-GRADUAÇÃO EM ODONTOLOGIA;281;Desativado
SPW/CCM;SECRETARIA DA COORDENAÇÃO DO CURSO DE PÓS-GRADUAÇÃO EM PATOLOGIA;313;Desativado
SPB/CCM;SECRETARIA DA COORDENAÇÃO DO CURSO DE PÓS-GRADUAÇÃO EM PATOLOGIA BUCO-DENTAL;299;Desativado
SPX/CCM;SECRETARIA DA COORDENAÇÃO DO CURSO DE PÓS-GRADUAÇÃO EM PATOLOGIA EXPERIMENTAL;301;Desativado
SPE/CCM;SECRETARIA DA COORDENAÇÃO DO CURSO DE PÓS-GRADUAÇÃO EM PATOLOGIA VETERINÁRIA;303;Desativado
SPI/CCM;SECRETARIA DA COORDENAÇÃO DO CURSO DE PÓS-GRADUAÇÃO EM PEDIATRIA;287;Desativado
SPP/CCM;SECRETARIA DA COORDENAÇÃO DO CURSO DE PÓS-GRADUAÇÃO EM PNEUMOLOGIA;;Desativado
SP/PPS;SECRETARIA DA COORDENAÇÃO DO CURSO DE PÓS-GRADUAÇÃO EM POLÍTICA SOCIAL;1272;Desativado
SP/PSM;SECRETARIA DA COORDENAÇÃO DO CURSO DE PÓS-GRADUAÇÃO EM PSICANÁLISE E SAÚDE MENTAL;1477;Desativado
SPU/CEG;SECRETARIA DA COORDENAÇÃO DO CURSO DE PÓS-GRADUAÇÃO EM QUÍMICA;0;Desativado
SPQ/CEG;SECRETARIA DA COORDENAÇÃO DO CURSO DE PÓS-GRADUAÇÃO EM QUÍMICA ORGÂNICA;553;Desativado
SP/PRI;SECRETARIA DA COORDENAÇÃO DO CURSO DE PÓS-GRADUAÇÃO EM RELAÇÕES INTERNACIONAIS;1273;Desativado
SP/PSC;SECRETARIA DA COORDENAÇÃO DO CURSO DE PÓS-GRADUAÇÃO EM SAÚDE COLETIVA;0;Desativado
SP/PSF;SECRETARIA DA COORDENAÇÃO DO CURSO DE PÓS-GRADUAÇÃO EM SAÚDE DA FAMÍLIA;0;Desativado
SP/PSG;SECRETARIA DA COORDENAÇÃO DO CURSO DE PÓS-GRADUAÇÃO EM SISTEMAS DE GESTÃO;1274;Desativado
SP/PSD;SECRETARIA DA COORDENAÇÃO DO CURSO DE PÓS-GRADUAÇÃO EM SOCIOLOGIA E DIREITO;1268;Desativado
SA/GTH;SECRETARIA DA COORDENAÇÃO DO CURSO SUPERIOR DE TECNOLOGIA EM HOTELARIA;1857;Desativado
SPCM/CCM;SECRETARIA DA COORDENAÇÃO DO POS GRAD EM CIÊNCIAS MÉDICAS;283;Desativado
SPZ/CCM;SECRETARIA DA COORDENAÇÃO DO PROGRAMA DE POS GRADUAÇÃO EM CIÊNCIAS MÉDICAS;965;Desativado
SA/PES;SECRETARIA DA COORDENAÇÃO DO PROGRAMA DE PÓS GRADUAÇÃO EM ESTUDOS ESTRATÉGICOS DA DEFESA E DA SEGURANÇA;1831;Desativado
SA/PCB;"SECRETARIA DA COORDENAÇÃO DO PROGRAMA DE PÓS-GRADUAÇÃO EM CIÊNCIAS BIOMÉDICAS; NÍVEL MESTRADO/DOUTORADO";2014;Desativado
SDAF/HU;SECRETARIA DA DIRETORIA ADMINISTRATIVA E FINANCEIRA;1657;Desativado
SDEN/HU;SECRETARIA DA DIRETORIA DE ENFERMAGEM;1647;Desativado
SA/DRI;SECRETARIA DA DIRETORIA DE RELAÇÕES INTERNACIONAIS;1443;Desativado
SDME/HU;SECRETARIA DA DIRETORIA MÉDICA;1633;Desativado
SADC/DAE;SECRETARIA DA DIVISÃO DE CONTROLE DE CERTIFICADOS E DIPLOMAS DO DAE;888;Desativado
SA/EGGP;SECRETARIA DA ESCOLA DE GOVERNANÇA EM GESTÃO PÚBLICA;2281;Desativado
SA/UNI;SECRETARIA DA PREFEITURA UNIVERSITÁRIA;1311;Desativado
SA/AD;SECRETARIA DA PRÓ-REITORIA DE ADMINISTRAÇÃO;1322;Desativado
SA/AES;SECRETARIA DA PRÓ-REITORIA DE ASSUNTOS ESTUDANTIS;1282;Desativado
SA/EX;SECRETARIA DA PRÓ-REITORIA DE EXTENSÃO;1755;Desativado
SA/PPI;"SECRETARIA DA PRÓ-REITORIA DE PESQUISA; PÓS-GRADUAÇÃO E INOVAÇÃO";1706;Desativado
SA/SAEN;SECRETARIA DA SUPERINTENDÊNCIA DE ARQUITETURA E ENGENHARIA;1357;Desativado
SA/SAEP;"SECRETARIA DA SUPERINTENDÊNCIA DE ARQUITETURA; ENGENHARIA E PATRIMÔNIO";2318;Desativado
SA/SCS;SECRETARIA DA SUPERINTENDÊNCIA DE COMUNICAÇÃO SOCIAL;1484;Desativado
SA/SDC;SECRETARIA DA SUPERINTENDÊNCIA DE DOCUMENTAÇÃO;1557;Ativo
SA/SRI;SECRETARIA DA SUPERINTENDÊNCIA DE RELAÇÕES INTERNACIONAIS;1989;Desativado
SFIN/VCH;SECRETARIA DE ADMINISTRAÇÃO FINANCEIRA DO INSTITUTO DE CIÊNCIAS HUMANAS E SOCIAIS DE VOLTA REDONDA;2343;Ativo
SAAEX;SECRETARIA DE APOIO ADMINISTRATIVO;970;Desativado
SA/DES;SECRETARIA DE APOIO DA DIVISÂO DE ESTAGIO;0;Desativado
SDF/PPI;SECRETARIA DE CERTIFICADOS E DIPLOMAS;2348;Ativo
SCDP/DCF;SECRETARIA DE CONCESSÃO DE DIÁRIAS E PASSAGENS;1693;Ativo
SDI/SUDP;SECRETARIA DE DESENVOLVIMENTO INSTITUCIONAL;;Desativado
SGPU/DCF;SECRETARIA DE GESTÃO E PERMISSÃO DE USO;2096;Ativo
SP/SUDEPI;SECRETARIA DE PLANEJAMENTO;49;Desativado
SG/GFE;SECRETARIA DO CURSO DE GRADUAÇÃO EM FILOSOFIA;1876;Desativado
SP/PBM;SECRETARIA DO CURSO DE PÓS-GRADUAÇÃO EM BIOLOGIA MARINHA ;1798;Desativado
SP/PCA;SECRETARIA DO CURSO DE PÓS-GRADUAÇÃO EM CIÊNCIA AMBIENTAL;0;Desativado
SP/PET;SECRETARIA DO CURSO DE PÓS-GRADUAÇÃO EM ENGENHARIA DE TELECOMUNICAÇÕES;1237;Desativado
SPP/CEG;SECRETARIA DO CURSO DE POS-GRADUACAO EM PSICOLOGIA;1243;Desativado
CSC/CCM;SECRETARIA DO CURSO DE POS-GRADUACAO EM SAUDE COLETIVA;1079;Desativado
SP/PSO;SECRETARIA DO CURSO DE PÓS-GRADUAÇÃO EM SOCIOLOGIA;1840;Desativado
SP/CIS;SECRETARIA DO CURSO DE PÓS-GRADUAÇÃO LATU SENSU EM CONTROLE DE INFECÇÃO EM ASSISTENCIA A SAÚDE;1245;Desativado
SC/CSC;SECRETARIA DO CURSO DE PÓS-GRADUAÇÃO SAÚDE COLETIVA;1975;Desativado
SA/CTS;SECRETARIA DO CURSO SUPERIOR DE TECNOLOGIA EM SISTEMAS DE COMPUTAÇÃO;1864;Desativado
SA/DAP;SECRETARIA DO DEPARTAMENTO DE ADMINISTRAÇÃO DE PESSOAL;1603;Desativado
SA/DAE;SECRETARIA DO DEPARTAMENTO DE ADMINISTRAÇÃO ESCOLAR ;1617;Em Desativação
SA/DCF;SECRETARIA DO DEPARTAMENTO DE CONTABILIDADE E FINANÇAS;1691;Desativado
SEC/EGA;SECRETARIA DO DEPARTAMENTO DE ESTUDOS CULTURAIS E MÍDIA;916;Desativado
SA/DEI;SECRETARIA DO DEPARTAMENTO DE ESTUDOS ESTRATÉGICOS E RELAÇÕES INTERNACIONAIS;1829;Desativado
SRO/EGA;SECRETARIA DO DEPARTAMENTO INTERDISCIPLINAR DE RIO DAS OSTRAS (IACS);1010;Desativado
SDIG/HU;SECRETARIA DO HOSPITAL UNIVERSITÁRIO ANTONIO PEDRO;1621;Desativado
SP/PPE;SECRETARIA DO PROGRAMA DE PÓS-GRADUAÇÃO EM PSICOLOGIA (LATU SENSU);1248;Desativado
SAG/FTH;SECRETARIA DOS CURSOS DE GRADUAÇÃO DA FACULDADE DE TURISMO E HOTELARIA;2080;Desativado
SP/PLE;SECRETARIA DOS CURSOS DE POS-GRADUACAO ESPECIALIZACAO EM LETRAS LATO SENSU;2292;Desativado
SEE/GRAD;"SECRETARIA ESPECIAL DE EDUCAÇÃO À DISTÂNCIA; INOVAÇÃO E TECNOLOGIA";1424;Ativo
SECEX;SECRETARIA EXECUTIVA;969;Desativado
SEC/NTI;SECRETARIA GERAL;177;Desativado
SA/GEPE;SECRETARIA GERAL;1366;Ativo
SA/AC;SECRETARIA GERAL DA PRÓ-REITORIA DE ASSUNTOS ACADÊMICOS;201;Desativado
SEG/EX;SECRETARIA GERAL DA PRÓ-REITORIA DE EXTENSÃO;219;Desativado
SEG/PP;SECRETARIA GERAL DA PRÓ-REITORIA DE PESQUISA E PÓS-GRADUAÇÃO;237;Desativado
SEG/PLAN;SECRETARIA GERAL DA PRÓ-REITORIA DE PLANEJAMENTO;121;Desativado
SA/SUEP;SECRETARIA GERAL DA SUPERINTENDÊNCIA DE ENGENHARIA E PROJETOS;0;Desativado
SGG/EGH;SECRETARIA GERAL DE GRADUAÇÃO;2289;Desativado
SA/GAVR;SECRETARIA GERAL DO GABINETE DO VICE-REITOR;1456;Desativado
SG/PURO;SECRETARIA GERAL DO PÓLO UNIVERSITÁRIO DE RIO DAS OSTRAS;1016;Desativado
SG/PUVR;SECRETARIA GERAL DO PÓLO UNIVERSITÁRIO DE VOLTA REDONDA;1049;Desativado
SGCS/GAR;SECRETARIA GERAL DOS CONSELHOS SUPERIORES;3;Ativo
SGPM/CCM;SECRETARIA GERAL DOS CURSOS DE GRADUAÇÃO E PÓS-GRADUAÇÃO DO CENTRO DE CIÊNCIAS MÉDICAS;260;Desativado
SGPG/CEG;SECRETARIA GERAL DOS CURSOS DE GRADUAÇÃO E PÓS-GRADUAÇÃO DO CENTRO DE ESTUDOS GERAIS;506;Desativado
SGPS/CES;SECRETARIA GERAL DOS CURSOS DE GRADUAÇÃO E PÓS-GRADUAÇÃO DO CENTRO DE ESTUDOS SOCIAIS APLICADOS;657;Em Desativação
SGPT/CTC;SECRETARIA GERAL DOS CURSOS DE GRADUAÇÃO E PÓS-GRADUAÇÃO DO CENTRO TECNOLÓGICO;728;Desativado
SADI/GOAF;SERVIÇO ADMINISTRATIVO DIURNO;1742;Desativado
SANO/GOAF;SERVIÇO ADMINISTRATIVO NOTURNO;1741;Desativado
SAS/DSO;SERVIÇO DE ACOMPANHAMENTO AO SERVIDOR;;Desativado
SASP/DP;SERVIÇO DE ACOMPANHAMENTO AO SERVIDOR PERICIADO;;Desativado
SAD/DP*;SERVIÇO DE ACOMPANHAMENTO DA DESPESA;;Desativado
SAC/DCF;SERVIÇO DE ACOMPANHAMENTO DE CONVÊNIOS;;Desativado
SAD/DP;SERVIÇO DE ACOMPANHAMENTO DE DESPESAS;;Desativado
SAAD/DP;SERVIÇO DE ACOMPANHAMENTO E AVALIAÇÃO DE DESEMPENHO;;Desativado
SCC/PLAN;SERVIÇO DE ACOMPANHAMENTO E CONTROLE DE CONVÊNIOS;;Desativado
SAO/DCF;SERVIÇO DE ACOMPANHAMENTO ORÇAMENTÁRIO;138;Desativado
SAF/PP;SERVIÇO DE ACOMPANHAMENTO ORÇAMENTÁRIO E FINANCEIRO;240;Desativado
SACP/DCF;SERVIÇO DE ACOMPANHAMENTO PATRIMONIAL;850;Desativado
SAS/DTE;SERVIÇO DE ADMINISTRAÇÃO DO SISTEMA;1000;Desativado
SAS/DSI;SERVIÇO DE ADMINISTRAÇÃO DO SISTEMA DE TELEFONIA;867;Desativado
SAR/DSR;SERVIÇO DE ADMINISTRAÇÃO E SUPORTE DE REDE;869;Desativado
SAF/HU;SERVIÇO DE ADMINISTRAÇÃO FINANCEIRA;503;Ativo
SA/DCA;SERVIÇO DE ADMISSÃO DO DEPARTAMENTO DE ADMINISTRAÇÃO DE PESSOAL;9;Desativado
SAD/DAE;SERVIÇO DE ADMISSÃO DO DEPARTAMENTO DE ADMINISTRAÇÃO ESCOLAR;213;Desativado
SEA/DP;SERVIÇO DE ADMISSÃO DO DEPARTAMENTO DE PESSOAL;0;Desativado
SAC;SERVIÇO DE ALMOXARIFADO CENTRAL;946;Desativado
SA/GCA;SERVIÇO DE ALMOXARIFADO DA GERÊNCIA DE COORDENAÇÃO ALIMENTAR;41;Desativado
SAL/EGA;SERVIÇO DE ALMOXARIFADO DO INSTITUTO DE ARTE E COMUNICAÇÃO SOCIAL;825;Desativado
SAM/HU;SERVIÇO DE AMBULATÓRIO;450;Desativado
SAN/NPD;SERVIÇO DE ANÁLISE;0;Desativado
SAP/DCF;SERVIÇO DE ANÁLISE PATRIMONIAL;147;Desativado
SAP/DP*;SERVIÇO DE ANÁLISE PROCESSUAL - DP;;Desativado
SAP/DDV*;SERVIÇO DE ANÁLISE PROCESSUAL DO DEPARTAMENTO DE ADMINISTRAÇÃO DE PESSOAL;16;Desativado
SAP/DP;SERVIÇO DE ANÁLISE PROCESSUAL DO DEPARTAMENTO DE PESSOAL;0;Desativado
SAP/HU;SERVIÇO DE ANATOMIA PATOLÓGICA;478;Desativado
SAPV/DSMV;SERVIÇO DE ANATOMIA PATOLÓGICA VETERINÁRIA;2156;Desativado
SAN/HU;SERVIÇO DE ANESTESIOLOGIA;465;Desativado
SAA/DSMV;SERVIÇO DE ANESTESIOLOGIA ANIMAL;2152;Desativado
SAP/DES;SERVIÇO DE APOIO;1542;Desativado
SAAD/DAF;SERVIÇO DE APOIO ADMINISTRATIVO;2165;Desativado
A/ASPLAN;SERVIÇO DE APOIO ADMINISTRATIVO DA ASSESSORIA DE PLANEJAMENTO;;Desativado
SAA/CMAC;SERVIÇO DE APOIO ADMINISTRATIVO DA CMAC;942;Desativado
SAA/CAC;SERVIÇO DE APOIO ADMINISTRATIVO DA COORDENADORIA DE AÇÃO COMUNITÁRIA;231;Desativado
SAA/CAD;SERVIÇO DE APOIO ADMINISTRATIVO DA COORDENADORIA DE APOIO AO DISCENTE;206;Desativado
SAA/CAEG;SERVIÇO DE APOIO ADMINISTRATIVO DA COORDENADORIA DE APOIO AO ENSINO DE GRADUAÇÃO;;Desativado
SAA/CAEP;SERVIÇO DE APOIO ADMINISTRATIVO DA COORDENADORIA DE ARQUITETURA ENGENHARIA E PATRIMÔNIO;922;Desativado
SAA/CCD;SERVIÇO DE APOIO ADMINISTRATIVO DA COORDENADORIA DE CAPACITAÇÃO DE DOCENTES;250;Desativado
SAA/CCE;SERVIÇO DE APOIO ADMINISTRATIVO DA COORDENADORIA DE COOPERAÇÃO EXTERNA;254;Desativado
SAA/CP;SERVIÇO DE APOIO ADMINISTRATIVO DA COORDENADORIA DE PESQUISA;242;Desativado
SAA/CPG;SERVIÇO DE APOIO ADMINISTRATIVO DA COORDENADORIA DE PÓS-GRADUAÇÃO;246;Desativado
SAA/CPI;SERVIÇO DE APOIO ADMINISTRATIVO DA COORDENADORIA DE PROGRAMAS DE INTEGRAÇÃO ENSINO-COMUNIDADE;227;Desativado
SAA/CCA;SERVIÇO DE APOIO ADMINISTRATIVO DA COORDENADORIA DO CAMPUS AVANÇADO E CRUTAC-RJ;;Desativado
SAA/CSA;SERVIÇO DE APOIO ADMINISTRATIVO DA COORDENADORIA DO SISTEMA AGRO-UFF;223;Desativado
SADAF/HU;SERVIÇO DE APOIO ADMINISTRATIVO DA DIRETORIA ADMINISTRATIVA E FINANCEIRA;1658;Desativado
SADEN/HU;SERVIÇO DE APOIO ADMINISTRATIVO DA DIRETORIA DE ENFERMAGEM;1648;Desativado
SADME/HU;SERVIÇO DE APOIO ADMINISTRATIVO DA DIRETORIA MÉDICA;1634;Desativado
SAA/AC;SERVIÇO DE APOIO ADMINISTRATIVO DA PRÓ-REITORIA DE ASSUNTOS ACADÊMICOS;;Desativado
SAA/EX*;SERVIÇO DE APOIO ADMINISTRATIVO DA PRÓ-REITORIA DE EXTENSÃO;220;Desativado
SAA/PP;SERVIÇO DE APOIO ADMINISTRATIVO DA PRÓ-REITORIA DE PESQUISA E PÓS-GRADUAÇÃO;238;Desativado
SAA/PLAN*;SERVIÇO DE APOIO ADMINISTRATIVO DA PRÓ-REITORIA DE PLANEJAMENTO;122;Desativado
SAA/DAP*;SERVIÇO DE APOIO ADMINISTRATIVO DO DEPARTAMENTO DE ADMINISTRAÇÃO DE PESSOAL;6;Desativado
SAA/DAPE;SERVIÇO DE APOIO ADMINISTRATIVO DO DEPARTAMENTO DE ADMINISTRAÇÃO DE PESSOAL ;0;Desativado
SAA/DAE*;SERVIÇO DE APOIO ADMINISTRATIVO DO DEPARTAMENTO DE ADMINISTRAÇÃO ESCOLAR;0;Desativado
SAA/DCF*;SERVIÇO DE APOIO ADMINISTRATIVO DO DEPARTAMENTO DE CONTABILIDADE E FINANÇAS;136;Desativado
SAA/DDC;SERVIÇO DE APOIO ADMINISTRATIVO DO DEPARTAMENTO DE DIFUSÃO CULTURAL;54;Desativado
SAA/DDC*;SERVIÇO DE APOIO ADMINISTRATIVO DO DEPARTAMENTO DE DIFUSÃO CULTURAL - DDC/PROPLAN;;Desativado
SAA/DP;SERVIÇO DE APOIO ADMINISTRATIVO DO DEPARTAMENTO DE PESSOAL;;Desativado
SAA/DP*;SERVIÇO DE APOIO ADMINISTRATIVO DO DEPARTAMENTO DE PESSOAL - PROPLAN;;Desativado
SAA/DSG;SERVIÇO DE APOIO ADMINISTRATIVO DO DEPARTAMENTO DE SERVIÇOS GERAIS;152;Desativado
SAA/GAR;SERVIÇO DE APOIO ADMINISTRATIVO DO GABINETE DO REITOR;857;Em Desativação
SADIG/HU;SERVIÇO DE APOIO ADMINISTRATIVO DO HOSPITAL UNIVERSITÁRIO ANTONIO PEDRO;1622;Desativado
SAA/NPD;SERVIÇO DE APOIO ADMINISTRATIVO DO NÚCLEO DE PROCESSAMENTO DE DADOS;0;Desativado
SAA/NUCS;SERVIÇO DE APOIO ADMINISTRATIVO /NUCS;0;Desativado
SAA/SUEP;SERVIÇO DE APOIO ADMINISTRATIVO SUPERINTENDÊNCIA DE ENGENHARIA E PROJETOS;0;Desativado
SAD/EDUF;SERVIÇO DE APOIO E DESENVOLVIMENTO;;Desativado
SAO/DAF;SERVIÇO DE APOIO OPERACIONAL;2167;Desativado
SAOF/EX;SERVIÇO DE APOIO ORÇAMENTÁRIO E FINANCEIRO;893;Desativado
SAP/PUVR;SERVIÇO DE APOIO PSICOLÓGICO DO PÓLO UNIVERSITÁRIO DE VOLTA REDONDA;1852;Desativado
SAT/DAP;SERVIÇO DE APOIO TÉCNICO;7;Em Desativação
SATA/DRPRH;SERVIÇO DE APOIO TÉCNICO ADMINISTRATIVO;22;Desativado
SAT/GAR;SERVIÇO DE APOIO TÉCNICO DO GABINETE DO REITOR;856;Desativado
PLO/SAC;SERVIÇO DE APROPRIAÇÃO DE CUSTOS;;Desativado
SAR/DCF;SERVIÇO DE APROPRIAÇÕES;146;Desativado
SAR/EGA;SERVIÇO DE ARQUIVO;85;Desativado
SAEP/NPD;SERVIÇO DE ASSISTÊNCIA AO ENSINO E PESQUISA;;Desativado
SAM/DP;SERVIÇO DE ASSISTÊNCIA MÉDICA;;Desativado
SAM/DAS;SERVIÇO DE ASSISTÊNCIA MÉDICA AO SERVIDOR;;Desativado
SAO/DP;SERVIÇO DE ASSISTÊNCIA ODONTOLÓGICA - DP;;Desativado
SAO/DAS;SERVIÇO DE ASSISTÊNCIA ODONTOLÓGICA DO DEPARTAMENTO DE ASSISTÊNCIA SOCIAL;;Desativado
SAG/DAC;SERVIÇO DE ATENDIMENTO À GRADUAÇÃO;2161;Desativado
SPPG/DAC;SERVIÇO DE ATENDIMENTO À PESQUISA E PÓS-GRADUAÇÃO;2162;Desativado
SAAE/DAC;SERVIÇO DE ATENDIMENTO ÀS AÇÕES DE EXTENSÃO;2163;Desativado
SAP/DDC;SERVIÇO DE ATIVIDADES ARTÍSTICAS E PLÁSTICAS;55;Desativado
SAC/IBB;SERVIÇO DE ATIVIDADES COMPLEMENTARES;833;Desativado
SAM/DDC;SERVIÇO DE ATIVIDADES MUSICAIS;56;Desativado
SAT/DDC;SERVIÇO DE ATIVIDADES TEATRAIS;60;Desativado
SACS/DP;"SERVIÇO DE AVALIAÇÃO; CLASSIFICAÇÃO DE CARGOS E SALÁRIOS";;Desativado
SACS/DSR;SERVIÇO DE AVALIAÇÃO DE CARGOS E SALÁRIOS;;Desativado
SAC/DP;SERVIÇO DE AVALIAÇÃO E CLASSIFICAÇÃO;;Desativado
SAD/DTA;SERVIÇO DE AVALIAÇÃO E DESEMPENHO;26;Desativado
SADF/DP;SERVIÇO DE AVALIAÇÃO E DESEMPENHO FUNCIONAL;0;Desativado
SBAP/DP;"SERVIÇO DE BENEFÍCIOS; APOSENTADORIA E PENSÃO COM PESSOAL";;Desativado
SC/DP;SERVIÇO DE CADASTRO - DP;;Desativado
SCI;SERVIÇO DE CADASTRO DE IMÓVEIS DA CAEP;939;Desativado
SCI/DSG;SERVIÇO DE CADASTRO DE IMÓVEIS DO DSG;174;Desativado
SCD/DCA;SERVIÇO DE CADASTRO DO DEPARTAMENTO DE ADMINISTRAÇÃO DE PESSOAL;10;Desativado
SCD/DP;SERVIÇO DE CADASTRO DO DEPARTAMENTO DE PESSOAL;0;Desativado
SCQ/DTA;SERVIÇO DE CAPACITAÇÃO E QUALIFICAÇÃO;25;Desativado
SDV/DP;"SERVIÇO DE CARGOS; DIREITOS E VANTAGENS";;Desativado
SCA/DCF;SERVIÇO DE CLASSIFICAÇÃO E ANÁLISE;849;Desativado
SCCV/DSMV;SERVIÇO DE CLÍNICA CIRÚRGICA VETERINÁRIA;2151;Desativado
SASSE/DSMV;"SERVIÇO DE CLÍNICA MÉDICA DE ANIMAIS SELVAGENS; SILVESTRES E EXÓTICOS";2150;Desativado
SCM/DSMV;SERVIÇO DE CLÍNICA MÉDICA DE CÃES E GATOS;2149;Desativado
SCD;SERVIÇO DE COMPRA DIRETA;945;Desativado
SD/EDUFF;SERVIÇO DE COMUNICAÇÃO E DISTRIBUIÇÃO;854;Desativado
SCE/NUCS;SERVICO DE COMUNICACAO ELETRONICA;1083;Desativado
SCA/NDC;SERVIÇO DE COMUNICAÇÕES ADMINISTRATIVAS;0;Desativado
SCA/DSG;SERVIÇO DE COMUNICAÇÕES ADMINISTRATIVAS DO DSG;165;Desativado
SCB/DCF;SERVIÇO DE CONCILIAÇÃO BANCÁRIA;142;Desativado
SC/DCF;SERVIÇO DE CONFERÊNCIA;143;Desativado
SECON/HU;SERVIÇO DE CONTABILIDADE;501;Desativado
SCO;SERVIÇO DE CONTRATOS TERCEIRIZADOS;0;Desativado
SC/DAE;SERVIÇO DE CONTROLE;216;Desativado
SCC/DCF;SERVIÇO DE CONTROLE CONTÁBIL;;Desativado
SCI/DP;SERVIÇO DE CONTROLE DAS INFORMAÇÕES;;Desativado
SCAC/EX;SERVIÇO DE CONTROLE DE ACORDOS E CONVÊNIOS;221;Desativado
SCA/DDV;SERVIÇO DE CONTROLE DE AFASTAMENTO E DESLIGAMENTO;18;Desativado
SCOC/DCF;SERVIÇO DE CONTROLE DE CONVÊNIO;145;Desativado
SCQ/LU;SERVIÇO DE CONTROLE DE QUALIDADE DO LABORATÓRIO UNIVERSITÁRIO RODOLPHO ALBINO;845;Desativado
SCQ/NPD;SERVIÇO DE CONTROLE DE QUALIDADE DO NÚCLEO DE PROCESSAMENTOS DE DADOS;0;Desativado
SCF/DCF;SERVIÇO DE CONTROLE FINANCEIRO;139;Desativado
SCO/SCA;SERVIÇO DE CORREIO;1325;Desativado
SCO/GPCA;SERVIÇO DE CORREIO ;1901;Desativado
SCP/NUCS;SERVIÇO DE CRIAÇÃO E PRODUÇÃO GRÁFICA;0;Desativado
SC/NIU;SERVIÇO DE CROMOGRAFIA;65;Desativado
SC/EDUFF;SERVIÇO DE CUSTOS;112;Desativado
SDI/DSMV;SERVIÇO DE DIAGNÓSTICO POR IMAGEM;2154;Desativado
SDD/DP;SERVIÇO DE DIREITOS E DEVERES;;Desativado
SDV/DDV;SERVIÇO DE DIREITOS E VANTAGENS;17;Em Desativação
SIR/PP;"SERVIÇO DE DIVULGAÇÃO; INFORMAÇÃO E REGISTRO";239;Desativado
SDE/DP;SERVIÇO DE DOCUMENTAÇÃO E ESTATÍSTICA;;Desativado
SDM/HU;SERVIÇO DE DOCUMENTAÇÃO MÉDICA;485;Desativado
SDIP/DSMV;SERVIÇO DE DOENÇAS INFECCIOSAS E PARASITÁRIAS;2157;Desativado
SE/EDUFF;SERVIÇO DE EDITORAÇÃO;115;Desativado
SEM/HU;SERVIÇO DE EMERGÊNCIA;;Desativado
SE/DCF;SERVIÇO DE EMPENHO;141;Desativado
SE/NIU;SERVIÇO DE ENCADERNAÇÃO;68;Desativado
SES/DP*;SERVIÇO DE ENCARGOS SOCIAIS - DP;;Desativado
SES/DCD;SERVIÇO DE ENCARGOS SOCIAIS DO DEPARTAMENTO DE ADMINISTRAÇÃO DE PESSOAL;13;Desativado
SES/DP;SERVIÇO DE ENCARGOS SOCIAIS DO DEPARTAMENTO DE PESSOAL;;Desativado
SEEN/HU;SERVIÇO DE ENDOSCOPIA;468;Desativado
SEIA/HU;SERVIÇO DE ENFERMAGEM EM INTERNAÇÕES E ALTAS;436;Desativado
SEMI/HU;SERVIÇO DE ENFERMAGEM MATERNO-INFANTIL;440;Desativado
SEMC/HU;SERVIÇO DE ENFERMAGEM MÉDICO-CIRÚRGICA;444;Em Desativação
SEP/DSMV;SERVIÇO DE EPIDEMIOLOGIA;2159;Desativado
PLI/SEI;SERVIÇO DE ESTATÍSTICA E INFORMAÇÕES;;Desativado
SEP/DSG;SERVIÇO DE ESTUDOS E PROJETOS;170;Desativado
SE/DAE;SERVIÇO DE EXPEDIÇÃO;217;Desativado
SFA/HU;SERVIÇO DE FARMÁCIA;489;Desativado
SFC/HU;SERVIÇO DE FISIOPATOLOGIA CARDIOPULMONAR;475;Desativado
SGCA/DDC;SERVIÇO DE GERÊNCIA DO CINEMA ART UFF;61;Desativado
SGV/DO;SERVIÇO DE GUARDA E VIGILÃNCIA;1205;Desativado
SHD/DAT;SERVIÇO DE HELP DESK;187;Desativado
SHH/HU;SERVIÇO DE HEMATOLOGIA E HEMOTERAPIA;479;Desativado
SHST/DP;SERVIÇO DE HIGIENE E SEGURANÇA NO TRABALHO;;Desativado
SI/NUCS;SERVIÇO DE IMAGEM;914;Desativado
SI/DSG;SERVIÇO DE IMPORTAÇÃO;158;Desativado
SI/NIU;SERVIÇO DE IMPRESSÃO;69;Desativado
SIP/DCD;SERVIÇO DE INATIVOS E PENSIONISTAS;0;Desativado
SID/DCF;SERVIÇO DE INCORPORAÇÃO DE DADOS;150;Desativado
SI/HU;SERVIÇO DE INFECTOLOGIA  DO HOSPITAL UNIVERSITÁRIO ANTONIO PEDRO;1235;Ativo
SIE/AC;SERVIÇO DE INFORMAÇÕES EDUCACIONAIS;198;Desativado
SIG/DP;SERVIÇO DE INFORMAÇÕES GERENCIAIS;;Desativado
SIR/NDC;SERVIÇO DE INFORMAÇÕES REFERENCIAIS DA DIVISÃO DE ARQUIVOS;93;Desativado
SIR/DAT;SERVIÇO DE INFRA-ESTRUTURA DA REDE;186;Desativado
SIA/HU;SERVIÇO DE INTERNAÇÃO E ALTA;459;Ativo
SJ/NUCS;SERVIÇO DE JORNALISMO;911;Desativado
SLC;SERVIÇO DE LANÇAMENTO E CADASTRO;947;Desativado
SLN/AC;SERVIÇO DE LEGISLAÇÃO E NORMAS;199;Desativado
SLC/DSG;SERVIÇO DE LICITAÇÃO E COMPRAS;155;Desativado
SEM/DTE;SERVIÇO DE MANUTENÇÃO;995;Desativado
SM/EGA;SERVIÇO DE MANUTENÇÃO;74;Desativado
SVMR/HU;SERVIÇO DE MANUTENÇÃO E REPAROS;;Desativado
SMB/DSG;SERVIÇO DE MANUTENÇÃO E REPAROS DE BENS MÓVEIS;171;Desativado
SMI/DSG;SERVIÇO DE MANUTENÇÃO E REPAROS DE IMÓVEIS;172;Desativado
SMA/NUCS;SERVIÇO DE MARKETING;0;Desativado
SM/HU;SERVIÇO DE MATERIAL;428;Desativado
SMC/DSG;SERVIÇO DE MATERIAL DE CONSUMO;157;Desativado
SMP/DSG;SERVIÇO DE MATERIAL PERMANENTE;156;Desativado
SMVI/DSMV;SERVIÇO DE MEDICINA VETERINÁRIA INTENSIVISTA;2153;Desativado
SMG/HU;SERVIÇO DE MÉTODOS GRÁFICOS;476;Ativo
SMR/DSR;SERVIÇO DE MONITORAMENTO E OPERAÇÃO DA REDE;994;Desativado
SSO/DTE;SERVIÇO DE MONITORAMENTO E SUPORTE OPERACIONAL;999;Desativado
SM/DP;SERVIÇO DE MOVIMENTAÇÃO;;Desativado
SM/DP*;SERVIÇO DE MOVIMENTAÇÃO - DP;;Desativado
ST/EDUFF;SERVIÇO DE NORMAS TÉCNICAS;113;Desativado
SNU/HU;SERVIÇO DE NUTRIÇÃO;492;Desativado
SO/HU;SERVIÇO DE ODONTOLOGIA;499;Ativo
SO/NIU;SERVIÇO DE OFF-SET;67;Desativado
SOR/DAT;SERVIÇO DE OFICINA DE REPAROS;188;Desativado
SOS/NPD;SERVIÇO DE OPERAÇÕES DE SISTEMAS;0;Desativado
SOAC/DCF;SERVIÇO DE ORÇAMENTO E ANÁLISE CONTÁBIL DE PESSOAL;149;Desativado
SOE/CANP;SERVIÇO DE ORIENTAÇÃO EDUCACIONAL;827;Desativado
SP/DCD;SERVIÇO DE PAGAMENTO DO DEPARTAMENTO DE ADMINISTRAÇÃO DE PESSOAL;0;Desativado
SP/DP;SERVIÇO DE PAGAMENTO DO DEPARTAMENTO DE PESSOAL;0;Desativado
SP/DP*;SERVIÇO DE PAGAMENTOS;;Desativado
SPC/HU;SERVIÇO DE PATOLOGIA CLÍNICA;482;Ativo
SPCV/DSMV;SERVIÇO DE PATOLOGIA CLÍNICA VETERINÁRIA;2155;Desativado
SPM/DSO;SERVIÇO DE PERÍCIAS MÉDICAS DO DEPARTAMENTO DE DESENVOLVIMENTO DE RECURSOS HUMANOS;29;Desativado
SPM/DP;SERVIÇO DE PERÍCIAS MÉDICAS DO DEPARTAMENTO DE PESSOAL;0;Desativado
SP/HU;SERVIÇO DE PESSOAL;432;Desativado
SPDC/NDC;SERVIÇO DE PLANEJAMENTO E DESENVOLVIMENTO DE COLEÇÕES DA DIVISÃO DE BIBLIOTECAS;860;Desativado
SPZ/DSG;SERVIÇO DE PORTARIA E ZELADORIA;160;Desativado
SEPD/NPD;SERVIÇO DE PREPARAÇÃO DE DADOS;;Desativado
SP/DRPRH;SERVICO DE PREVENCAO E APOIO SOCIO-FUNCIONAL;1047;Desativado
SPT/NDC;SERVIÇO DE PROCESSAMENTO TÉCNICO DA DIVISÃO DE BIBLIOTECAS;861;Desativado
SG/EDUFF;SERVIÇO DE PRODUÇÃO GRÁFICA;116;Desativado
SPRG/NPD;SERVIÇO DE PROGRAMAÇÃO;0;Desativado
SP/AC;SERVICO DE PROTOCOLO;211;Desativado
SP/DBE;SERVIÇO DE PSICOLOGIA;35;Desativado
SPA/CEG;SERVIÇO DE PSICOLOGIA APLICADA;510;Desativado
SPA/RHS;SERVIÇO DE PSICOLOGIA APLICADA DO INSTITUTO DE HUMANIDADES E SAÚDE DE RIO DAS OSTRAS;1952;Desativado
SPA/IPS;SERVIÇO DE PSICOLOGIA APLICADA DO INSTITUTO DE PSICOLOGIA;1964;Desativado
SPM/NUCS;SERVIÇO DE PUBLICIDADE E MARKETING;913;Desativado
SR/HU;SERVIÇO DE RADIOLOGIA;483;Desativado
SRC;SERVIÇO DE RECEBIMENTO E CONFERÊNCIA;948;Desativado
SRP/DCF;SERVIÇO DE RECEBIMENTOS E PAGAMENTOS;140;Desativado
SRAL/DRPRH;SERVIÇO DE RECR E ANÁLISE DA LOTAÇÃO;21;Desativado
SRMP/DRPRH;SERVIÇO DE RECRUTAMENTO E MOVIMENTAÇÃO   DE PESSOAL;1247;Desativado
SRM/DRP;SERVIÇO DE RECRUTAMENTO E MOVIMENTAÇÃO DE PESSOAL;0;Desativado
SRS/DP*;SERVIÇO DE RECRUTAMENTO E SELEÇÃO - DP;;Desativado
SRS/DSR;SERVIÇO DE RECRUTAMENTO E SELEÇÃO DO DEPARTAMENTO DE DESENVOLVIMENTO DE RECURSOS HUMANOS;;Desativado
SRS/DP;SERVIÇO DE RECRUTAMENTO E SELEÇÃO DO DEPARTAMENTO DE PESSOAL;;Desativado
SRO/NDC;SERVIÇO DE RECURSOS E ORÇAMENTOS DA DIVISÃO DE ARQUIVOS;94;Desativado
SR/DAE;SERVIÇO DE REGISTRO;;Desativado
SRC/DCF;SERVIÇO DE REGISTRO CONTÁBIL;148;Desativado
SRDG/DAE;SERVIÇO DE REGISTRO DISCENTE DE GRADUAÇÃO;214;Desativado
SRDP/DAE;SERVIÇO DE REGISTRO DISCENTE DE PÓS-GRADUAÇÃO;196;Desativado
SRC/NUCS;SERVIÇO DE RELAÇÕES PÚBLICAS E CERIMONIAL;912;Desativado
SROP/DSR;SERVIÇO DE REMOÇÃO E ORIENTAÇÃO PROFISSIONAL;;Desativado
SROF/DRPRH;SERVIÇO DE REMOÇÃO E ORIIENTAÇÃO PROFISSIONAL;23;Desativado
SRA/DSMV;SERVIÇO DE REPRODUÇÃO ANIMAL;2158;Desativado
SR/GCA;SERVIÇO DE RESTAURANTE;38;Desativado
SSST/DSO;SERVIÇO DE SAÚDE E SEGURANÇA DO TRABALHO;30;Em Desativação
SSR/DSR;SERVIÇO DE SEGURANÇA DE REDE;993;Desativado
SAC/DDS;SERVIÇO DE SISTEMAS ACADÊMICOS;183;Desativado
SSA/DDS;SERVIÇO DE SISTEMAS ADMINISTRATIVOS;182;Desativado
SIG/DSI;SERVIÇO DE SISTEMAS DE INFORMAÇÕES GERAIS;996;Desativado
SRH/DDS;SERVIÇO DE SISTEMAS DE RECURSOS HUMANOS;865;Desativado
SOA/DSB;SERVIÇO DE SISTEMAS OPERACIONAIS E APLICATIVOS;870;Desativado
SLI/DAT;SERVIÇO DE SUPORTE AOS LABORATÓRIOS DE INFORMÁTICA;997;Desativado
SBD/DSB;SERVIÇO DE SUPORTE DE BANCO DE DADOS;992;Desativado
SRC/DAT;SERVIÇO DE SUPORTE DE RECURSOS COMPUTACIONAIS;871;Desativado
STP/DCCC;SERVIÇO DE TARIFAS PÚBLICAS;952;Desativado
STB;SERVIÇO DE TOMBAMENTO DE BENS MÓVEIS DA CAEP;938;Desativado
STB/DSG;SERVIÇO DE TOMBAMENTO DE BENS MÓVEIS DO DSG;175;Desativado
ST;SERVIÇO DE TRANSPORTE DA CMAC;955;Desativado
ST/DSG;SERVIÇO DE TRANSPORTE DO DSG;162;Desativado
STA/DP;SERVIÇO DE TREINAMENTO E APERFEIÇOAMENTO;;Desativado
SV/DSG;SERVIÇO DE VIGILÂNCIA;161;Desativado
SWE/DSI;SERVIÇO DE WEB;864;Desativado
SZV;SERVIÇO DE ZELADORIA E VIGILÂNCIA;957;Desativado
SZP/DO;SERVIÇO DE ZELADORIA PATRIMONIAL;1204;Desativado
SF/DAF;SERVIÇO FINANCEIRO;2166;Desativado
SG/NIU;SERVIÇO GRÁFICO;66;Desativado
SM/DBE;SERVIÇO MÉDICO;36;Desativado
SO/DBE;SERVIÇO ODONTOLÓGICO;34;Desativado
SS/DP;SERVIÇO SOCIAL - DP;;Desativado
SS/HU;SERVIÇO SOCIAL DA COORDENAÇÃO DE SERVIÇOS TÉCNICOS AUXILIARES;495;Desativado
SS/DBE;SERVIÇO SOCIAL DO DEPARTAMENTO DE ASSUNTOS COMUNITÁRIOS;847;Em Desativação
SC/DOS;SERVIÇOS  DE CROMOGRAFIA;1211;Desativado
SE/DOS;SERVIÇOS  DE ENCADERNAÇÃO;1210;Desativado
SIG/DOS;SERVIÇOS DE IMPRESSÃO GRÁFICA;1212;Desativado
SG/HU;SERVIÇOS GERAIS;422;Desativado
SG/DOS;SERVIÇOS GRÁFICOS;1213;Desativado
SADM/AT;SETOR ADMINISTRATIVO;1458;Desativado
SAOFI;SETOR DE ADMINISTRACAO ORCAMENTARIA E FINANCEIRA;971;Desativado
SA/DA;SETOR DE ALIMENTAÇÃO;1106;Desativado
SA/CAF;SETOR DE ALMOXARIFADO;1099;Desativado
SAL/DA;SETOR DE ALMOXARIFADO;1107;Desativado
SAC/SCO;SETOR DE ALMOXARIFADO CENTRAL;1346;Desativado
SAA/SAG;SETOR DE ANÁLISE DE ACUMULAÇÕES;2353;Ativo
SAPR/SAIN;SETOR DE ANÁLISE E PROGRAMAÇÃO;1569;Desativado
SAA/CAFI;SETOR DE APOIO ADMINISTRATIVO;1194;Desativado
SAA/SAEP;SETOR DE APOIO ADMINISTRATIVO - SAEP;0;Desativado
SAA/AGIR;SETOR DE APOIO ADMINISTRATIVO DA AGÊNCIA DE INOVAÇÃO;1725;Desativado
SAA/DRI;SETOR DE APOIO ADMINISTRATIVO DA DIRETORIA DE RELAÇÕES INTERNACIONAIS;1892;Desativado
SAA/EXT;SETOR DE APOIO ADMINISTRATIVO DA ESCOLA DE EXTENSÃO;1779;Desativado
SAA/AD;SETOR DE APOIO ADMINISTRATIVO DA PRÓ-REITORIA DE ADMINISTRAÇÃO;1323;Desativado
SAA/EX;SETOR DE APOIO ADMINISTRATIVO DA PRÓ-REITORIA DE EXTENSÃO;1756;Desativado
SAA/GRAD;SETOR DE APOIO ADMINISTRATIVO DA PRÓ-REITORIA DE GRADUAÇÃO;1413;Desativado
SAA/PPI;"SETOR DE APOIO ADMINISTRATIVO DA PRÓ-REITORIA DE PESQUISA; PÓS-GRADUAÇÃO E INOVAÇÃO";1707;Desativado
SAA/PLAN;SETOR DE APOIO ADMINISTRATIVO DA PRÓ-REITORIA DE PLANEJAMENTO;1673;Desativado
SAA/SDC;SETOR DE APOIO ADMINISTRATIVO DA SUPERINTENDÊNCIA DE DOCUMENTAÇÃO;1558;Desativado
SAA/SRI;SETOR DE APOIO ADMINISTRATIVO DA SUPERINTENDÊNCIA DE RELAÇÕES INTERNACIONAIS;1990;Desativado
SAA/STI;SETOR DE APOIO ADMINISTRATIVO DA SUPERINTENDÊNCIA DE TECNOLOGIA DA INFORMAÇÃO;1499;Desativado
SAA/ART;SETOR DE APOIO ADMINISTRATIVO DO CENTRO DE ARTES;1738;Desativado
SAA/DAP;SETOR DE APOIO ADMINISTRATIVO DO DEPARTAMENTO DE ADMINISTRAÇÃO DE PESSOAL;1398;Desativado
SAA/DAE;SETOR DE APOIO ADMINISTRATIVO DO DEPARTAMENTO DE ADMINISTRAÇÃO ESCOLAR;1428;Desativado
SAA/DCF;SETOR DE APOIO ADMINISTRATIVO DO DEPARTAMENTO DE CONTABILIDADE E FINANÇAS;1692;Em Desativação
SAA/UNI;SETOR DE APOIO ADMINISTRATIVO PREFEITURA UNIVERSITÁRIA;1312;Desativado
SAA/AES;SETOR DE APOIO ADMINISTRATIVO PRÓ-REITORIA DE ASSUNTOS ESTUDANTIS;1283;Desativado
SAA/GEPE;SETOR DE APOIO ADMINISTRATIVO PRÓ-REITORIA DE GESTÃO DE PESSOAS;1367;Desativado
SAA/SAEN;SETOR DE APOIO ADMINISTRATIVO SUPERINTENDÊNCIA DE ARQUITETURA E ENGENHARIA;1358;Desativado
SAES/SAPE;SETOR DE ARQUIVO ESPECIAL;1566;Desativado
SAE/DDE;SETOR DE ASSISTÊNCIA AO EDUCANDO;1094;Desativado
SAE/DE;SETOR DE ASSISTÊNCIA AO EDUCANDO;1117;Desativado
SAU/BCG;SETOR DE ATENDIMENTO AOS USUÁRIOS;;Desativado
SBI/GMI;SETOR DE BENS IMÓVEIS;0;Desativado
SBI/GCP;SETOR DE BENS IMÓVEIS - GCP;0;Desativado
SBM/GCP;SETOR DE BENS MÓVEIS;0;Desativado
SB/GPURO;SETOR DE BENS MÓVEIS E ESTOQUE DO PÓLO UNIVERSITÁRIO DE RIO DAS OSTRAS;1024;Desativado
SB/GPUVR;SETOR DE BENS MÓVEIS E ESTOQUE DO PÓLO UNIVERSITÁRIO DE VOLTA REDONDA;1057;Desativado
SB/DDE;SETOR DE BIBLIOTECA;1095;Desativado
SC/PP;SETOR DE COMPRAS;899;Desativado
SC/PREF;SETOR DE COMPRAS DA GERÊNCIA DE ADMINISTRAÇÃO;882;Desativado
SC/GPURO;SETOR DE COMPRAS DO PÓLO UNIVERSITÁRIO DE RIO DAS OSTRAS;1021;Desativado
SC/GPUVR;SETOR DE COMPRAS DO PÓLO UNIVERSITÁRIO DE VOLTA REDONDA;1054;Desativado
SCA/AD;SETOR DE COMUNICAÇÕES ADMINISTRATIVAS - PROTOCOLO GERAL ;1324;Desativado
SCRD/SAPE;SETOR DE CONSERVAÇÃO E RESTAURAÇÃO DE DOCUMENTOS ARQUIVÍSTICOS;1567;Desativado
SC/SCC;SETOR DE CONTRATOS ;1351;Desativado
SCQP/GCA;SETOR DE CONTROLE DA QUALIDADE E DA PRODUÇÃO;39;Desativado
SCE/DSG;SETOR DE CONTROLE DE EXPEDIENTE;853;Desativado
SCV;SETOR DE CONTROLE DE VIATURAS;956;Desativado
SCIN/DSG;SETOR DE CONTROLE INFORMATIZADO;852;Desativado
SC/DAS;SETOR DE COZINHA;;Desativado
SD/DAS;SETOR DE DISPENSA;;Desativado
SD/SCQ;SETOR DE DISTRIBUIÇÃO;1300;Desativado
SDACE/EX;SETOR DE DIVULGAÇÃO E APOIO A CURSOS E EVENTOS;895;Desativado
SEF/CAEG;SETOR DE EDUCAÇÂO FUNDAMENTAL;0;Desativado
SEI/CAEG;SETOR DE EDUCAÇÂO INFANTIL;0;Desativado
SEB/CANP;SETOR DE ENSINO BÁSICO DA COORDENAÇÃO DE ENSINO E PRODUÇÃO DO CANP;829;Desativado
SEB/IBB;SETOR DE ENSINO BÁSICO DA COORDENAÇÃO DE ENSINO E PRODUÇÃO DO CTAIBB;835;Desativado
SEM/CAEG;SETOR DE ENSINO MÉDIO;0;Desativado
SEP/CANP;SETOR DE ENSINO PROFISSIONAL E PRODUÇÃO DA COORDENAÇÃO DE ENSINO E PRODUÇÃO DO CANP;830;Desativado
SEPP/IBB;SETOR DE ENSINO PROFISSIONAL E PRODUÇÃO DA COORDENAÇÃO DE ENSINO E PRODUÇÃO DO CTAIBB;836;Desativado
SEAE/DDE;SETOR DE ESTÁGIO E ACOMPANHAMENTO DE EGRESSOS;1088;Desativado
SEAE/DE;SETOR DE ESTÁGIO E ACOMPANHAMENTO DE EGRESSOS;1115;Desativado
SES/UNITV;SETOR DE ESTUDIOS;1201;Desativado
SE/UNITV;SETOR DE EXIBIÇÃO ;1196;Desativado
SIRP/GAR;SETOR DE IMPRENSA E RELAÇÕES PÚBLICAS;46;Desativado
SI/GPURO;SETOR DE INFORMÁTICA DO PÓLO UNIVERSITÁRIO DE RIO DAS OSTRAS;1023;Desativado
SI/GPUVR;SETOR DE INFORMÁTICA DO PÓLO UNIVERSITÁRIO DE VOLTA REDONDA;1056;Em Desativação
SL/SCQ;SETOR DE LIMPEZA;1301;Desativado
SL/BCG;SETOR DE LIVROS;;Desativado
SLT/SRH;SETOR DE LOTAÇÃO TEMPORÁRIA;959;Em Desativação
SM/CP;SETOR DE MANUTENÇÃO;1086;Desativado
SM/DCF;SETOR DE MICROCOMPUTAÇÃO;848;Desativado
SOF/DA;SETOR DE ORÇAMENTO E FINANÇAS;1105;Desativado
SP/CAF;SETOR DE PATRIMÔNIO;1100;Desativado
SP/DA;SETOR DE PATRIMÔNIO;1109;Desativado
SP/BCG;SETOR DE PERIÓDICOS;;Desativado
SP/DE;SETOR DE PESQUISA;1112;Desativado
SP/DDE;SETOR DE PESQUISA;1093;Desativado
SP/GCA;SETOR DE PRODUÇÃO;40;Desativado
SP/UNITV;SETOR DE PROGRAMAÇÃO;1195;Desativado
SPS/DBE;SETOR DE PROMOCAO DA SAÚDE;1013;Desativado
SPR/PURO;SETOR DE PROTOCOLO DO PÓLO UNIVERSITÁRIO DE RIO DAS OSTRAS;1018;Desativado
SPR/PUVR;SETOR DE PROTOCOLO DO PÓLO UNIVERSITÁRIO DE VOLTA REDONDA;1051;Desativado
SPC/SPA;SETOR DE PSICOLOGIA CLÍNICA;511;Desativado
SPE/SPA;SETOR DE PSICOLOGIA ESCOLAR;512;Desativado
SPI/SPA;SETOR DE PSICOLOGIA INDUSTRIAL;513;Desativado
SRC/GAR;SETOR DE RÁDIO-COMUNICAÇÕES;47;Desativado
SRT/GAR;SETOR DE RÁDIO-TELECOMUNICAÇÕES;48;Desativado
SRC/SCO;SETOR DE RECEBIMENTO E CONFERÊNCIA;1347;Desativado
SRH/DAP;SETOR DE RECURSOS HUMANOS;1101;Desativado
SRA/DE;SETOR DE REGISTRO ACADÊMICO;1113;Desativado
SRA/DDE;SETOR DE REGISTROS ACADÊMICOS;1096;Desativado
SRE/PURO;SETOR DE REGISTROS ACADÊMICOS DO PÓLO UNIVERSITÁRIO DE RIO DAS OSTRAS;1017;Desativado
SRA/PUVR;SETOR DE REGISTROS ACADÊMICOS DO PÓLO UNIVERSITÁRIO DE VOLTA REDONDA;1050;Desativado
SREC/DDE;SETOR DE RELAÇÕES EMPRESARIAIS E COMUNITÁRIAS;1092;Desativado
SMA/DEP;SETOR DE SEGURANÇA E MEIO AMBIENTE;0;Desativado
SS/GPURO;SETOR DE SERVIÇOS GERAIS DO PÓLO UNIVERSITÁRIO DE RIO DAS OSTRAS;1022;Desativado
SS/GPUVR;SETOR DE SERVIÇOS GERAIS DO PÓLO UNIVERSITÁRIO DE VOLTA REDONDA;1055;Desativado
STP/SCC;SETOR DE TARIFAS PÚBLICAS;1350;Desativado
SVP;SETOR DE VIGILÂNCIA PATRIMONIAL;958;Desativado
SF/PP;SETOR FINANCEIRO;898;Desativado
SF/GPURO;SETOR FINANCEIRO DO PÓLO UNIVERSITÁRIO DE RIO DAS OSTRAS;1020;Desativado
SF/GPUVR;SETOR FINANCEIRO DO PÓLO UNIVERSITÁRIO DE VOLTA REDONDA;1053;Em Desativação
SET/AT;SETOR TÉCNICO;1457;Desativado
SJV/CCA;SUBCOORDENADORIA DA UNIDADE AVANÇADA JOSÉ VERÍSSIMO;;Desativado
SCMI/CAC;SUBCOORDENADORIA DE AÇÃO COMUNITÁRIA EM MUNICÍPIOS DO INTERIOR FLUMINENSE;233;Desativado
SCMS/CAC;SUBCOORDENADORIA DE AÇÃO COMUNITÁRIA EM MUNICÍPIOS SEDE DA UFF;232;Desativado
SAC/EX;SUBCOORDENADORIA DE AÇÃO CULTURAL;896;Desativado
SAR;SUBCOORDENADORIA DE ACOMPANHAMENTO E REGISTRO DE ATIVIDADES;975;Desativado
SAEX;SUBCOORDENADORIA DE APOIO A EXTENSAO;976;Desativado
SAM;SUBCOORDENADORIA DE APOIO À MONITORIA;885;Desativado
SAPPD/CAEG;SUBCOORDENADORIA DE APOIO A PRÁTICA PEDAGÓGICA DISC;886;Desativado
SAC/CAEG;SUBCOORDENADORIA DE APOIO ACADÊMICO;;Desativado
SAD/CAEG;SUBCOORDENADORIA DE APOIO AO DOCENTE;;Desativado
SAEC/CAEG;SUBCOORDENADORIA DE APOIO AO ESTÁGIO CURRICULAR;202;Desativado
SAAP/CP;SUBCOORDENADORIA DE APOIO ÀS ATIVIDADES DE PESQUISA;243;Desativado
SAG/CAEG;SUBCOORDENADORIA DE APOIO CURRICULAR DA COORDENADORIA DE APOIO AO ENSINO DE GRADUAÇÃO;;Desativado
SACA/CAEG;SUBCOORDENADORIA DE APOIO CURRICULAR E AVALIAÇÃO;884;Desativado
SAD/COSE;SUBCOORDENADORIA DE APOIO E DESENVOLVIMENTO;;Desativado
SAC/SUDEPI;SUBCOORDENADORIA DE APROPRIAÇÃO/CUSTOS;125;Desativado
SAC/PLOR;SUBCOORDENADORIA DE APURAÇÃO DE CUSTOS ;1006;Desativado
SAPE/CCE;SUBCOORDENADORIA DE ASSUNTOS DE PESSOAL ESTRANGEIRO;256;Desativado
SAAM/CSA;SUBCOORDENADORIA DE ATIVIDADES AGROPECUÁRIAS E MEIO AMBIENTE;83;Desativado
SAS/CAAS;SUBCOORDENADORIA DE ATIVIDADES DE SAÚDE E ASSISTÊNCIA SOCIAL;891;Desativado
SAE/EX;SUBCOORDENADORIA DE ATIVIDADES EDUCACIONAIS;894;Desativado
SCDE/CCD;SUBCOORDENADORIA DE CAPACITAÇÃO DE DOCENTES NO EXTERIOR;252;Desativado
SCDP/CCD;SUBCOORDENADORIA DE CAPACITAÇÃO DE DOCENTES NO PAÍS;251;Desativado
SCAP/CP;"SUBCOORDENADORIA DE CONTROLE; ACOMPANHAMENTO E AVALIAÇÃO DE PESQUISA";244;Desativado
SC/CCE;SUBCOORDENADORIA DE CONVÊNIOS;255;Desativado
SPL/CPG;SUBCOORDENADORIA DE CURSOS DE PÓS-GRADUAÇÃO LATO-SENSU;248;Desativado
SPS/CPG;SUBCOORDENADORIA DE CURSOS DE PÓS-GRADUAÇÃO STRICTO-SENSU;247;Desativado
SDA/PLI;SUBCOORDENADORIA DE DOCUMENTOS E ATOS OFICIAIS;;Desativado
SEA/CSA;SUBCOORDENADORIA DE ENSINO AGRÍCOLA;224;Desativado
SED/CPI;SUBCOORDENADORIA DE ENSINO PARA DOCENTES;229;Desativado
SE/CAD;SUBCOORDENADORIA DE ESTÁGIO;208;Desativado
SGAC/PGI;SUBCOORDENADORIA DE GESTÃO DA INFORMAÇÃO ACADÊMICA;1002;Desativado
SGAD/PGI;SUBCOORDENADORIA DE GESTÃO DA INFORMAÇÃO ADM;1003;Desativado
SIA/PLI;SUBCOORDENADORIA DE INFORMAÇÕES ADMINISTRATIVAS;;Desativado
SOR/SUDEPI;SUBCOORDENADORIA DE ORÇAMENTO;124;Desativado
SO/PLOR;SUBCOORDENADORIA DE ORÇAMENTO;1005;Desativado
SCA/PLA;SUBCOORDENADORIA DE ORGANIZAÇÃO ADMINISTRATIVA;130;Desativado
SPD/CAEG;SUBCOORDENADORIA DE PRÁTICA DISCENTE DA COORDENADORIA DE APOIO AO ENSINO DE GRADUAÇÃO;887;Desativado
SEND/CPI;SUBCOORDENADORIA DE PROGRAMAS DE ENSINO PARA NÃO DOCENTES;228;Desativado
SPPA/CSA;SUBCOORDENADORIA DE PROJETOS DE PRODUÇÃO AGROPECUÁRIA;225;Desativado
SCRE;SUBCOORDENADORIA DE RELAÇÕES EXTERNAS;1123;Desativado
SCRI;SUBCOORDENADORIA DE RELAÇÕES INTERNAS;1124;Desativado
SSE/CAD;SUBCOORDENADORIA DE SERVIÇO SOCIAL DO ESTUDANTE;207;Desativado
SC/CCA;SUBCOORDENADORIA DO CRUTAC-RJ;;Desativado
STP/CAEG;SUBCOORDENADORIA TÉCNICO-PEDAGÓGICA;203;Desativado
SEB;SUBCOORDENARIA DE EVENTOS E BOLSAS;977;Desativado
SAD/HU;SUBDIRETORIA ADMINISTRATIVA DO HOSPITAL UNIVERSITÁRIO ANTÔNIO PEDRO;418;Ativo
SCF/HU;SUBDIRETORIA DE CONTABILIDADE E FINANÇAS;500;Ativo
SE/HU;SUBDIRETORIA DE ENFERMAGEM;435;Ativo
SME/HU;SUBDIRETORIA MÉDICA;448;Ativo
SDA;SUPERINTENDÊNCIA DE ADMINISTRAÇÃO;917;Desativado
SAEN;SUPERINTENDÊNCIA DE ARQUITETURA E ENGENHARIA;1356;Desativado
SAEP;"SUPERINTENDÊNCIA DE ARQUITETURA; ENGENHARIA E PATRIMÔNIO";1192;Ativo
SAEP*;"SUPERINTENDÊNCIA DE ARQUITETURA;ENGENHARIA E PATRIMÔNIO*";2317;Desativado
SCS;SUPERINTENDÊNCIA DE COMUNICAÇÃO SOCIAL;1483;Ativo
SUDEPI/GAR;SUPERINTENDÊNCIA DE DESENVOLVIMENTO E PLANEJAMENTO INSTITUCIONAL;909;Desativado
SDC;SUPERINTENDÊNCIA DE DOCUMENTAÇÃO;1555;Ativo
SUEP;SUPERINTENDÊNCIA DE ENGENHARIA E PROJETOS;0;Desativado
SEPAD;"Superintendência de Equidade; Políticas Afirmativas e Diversidade";2354;Ativo
SOMA;SUPERINTENDÊNCIA DE OPERAÇÕES E MANUTENÇÃO;2305;Ativo
SRH;SUPERINTENDÊNCIA DE RECURSOS HUMANOS;4;Desativado
SRI;SUPERINTENDÊNCIA DE RELAÇÕES INTERNACIONAIS;1988;Ativo
STI;SUPERINTENDÊNCIA DE TECNOLOGIA DA INFORMAÇÃO;1497;Ativo
UAJV;UNIDADE AVANCADA JOSE VERISSIMO;234;Ativo
UC/HU;UNIDADE CORONARIANA;473;Ativo
UPC/HU;UNIDADE DE PESQUISA CLÍNICA;1669;Desativado
UR/HU;UNIDADE RESPIRATÓRIA;474;Ativo
USMN/CGME;UNIDADE SETORIAL DE MORADIA - NITERÓI;1947;Desativado
USMRO/CGME;UNIDADE SETORIAL DE MORADIA - RIO DAS OSTRAS;1948;Desativado
UFF;UNIVERSIDADE FEDERAL FLUMINENSE;1;Ativo
